timestamp,__name__,container_label_com_docker_compose_config_hash,container_label_com_docker_compose_container_number,container_label_com_docker_compose_image,container_label_com_docker_compose_oneoff,container_label_com_docker_compose_project,container_label_com_docker_compose_project_config_files,container_label_com_docker_compose_project_working_dir,container_label_com_docker_compose_replace,container_label_com_docker_compose_service,container_label_com_docker_compose_version,id,image,instance,job,name,value
1706539482,container_memory_working_set_bytes,56a830a28bcbe6e135519e7976a827201b076c639dd9209d8db5d245d8e914af,1,sha256:e57b7b9b9fc905ac367e9f5003e951cd713a3b04e1c0ab4fe69bb45266d54413,False,docker,/home/raspberrypi-wf/samothrace-pseudonymization/docker/docker-compose.yml,/home/raspberrypi-wf/samothrace-pseudonymization/docker,8ac4027ae9fb3d7caf616facc29a2f912919ff78e18fdce497fb5b780c0ec2b6,ss-node,2.21.0,/system.slice/docker-204bc9c2de1ea01107f5c2af46c9985bf1e271f5cb7835d3a0580e2e410b0216.scope,docker-ss-node,cadvisor:8080,cadvisor,docker-ss-node-1,119545856
1706539483,container_memory_working_set_bytes,56a830a28bcbe6e135519e7976a827201b076c639dd9209d8db5d245d8e914af,1,sha256:e57b7b9b9fc905ac367e9f5003e951cd713a3b04e1c0ab4fe69bb45266d54413,False,docker,/home/raspberrypi-wf/samothrace-pseudonymization/docker/docker-compose.yml,/home/raspberrypi-wf/samothrace-pseudonymization/docker,8ac4027ae9fb3d7caf616facc29a2f912919ff78e18fdce497fb5b780c0ec2b6,ss-node,2.21.0,/system.slice/docker-204bc9c2de1ea01107f5c2af46c9985bf1e271f5cb7835d3a0580e2e410b0216.scope,docker-ss-node,cadvisor:8080,cadvisor,docker-ss-node-1,119545856
1706539484,container_memory_working_set_bytes,56a830a28bcbe6e135519e7976a827201b076c639dd9209d8db5d245d8e914af,1,sha256:e57b7b9b9fc905ac367e9f5003e951cd713a3b04e1c0ab4fe69bb45266d54413,False,docker,/home/raspberrypi-wf/samothrace-pseudonymization/docker/docker-compose.yml,/home/raspberrypi-wf/samothrace-pseudonymization/docker,8ac4027ae9fb3d7caf616facc29a2f912919ff78e18fdce497fb5b780c0ec2b6,ss-node,2.21.0,/system.slice/docker-204bc9c2de1ea01107f5c2af46c9985bf1e271f5cb7835d3a0580e2e410b0216.scope,docker-ss-node,cadvisor:8080,cadvisor,docker-ss-node-1,117649408
1706539485,container_memory_working_set_bytes,56a830a28bcbe6e135519e7976a827201b076c639dd9209d8db5d245d8e914af,1,sha256:e57b7b9b9fc905ac367e9f5003e951cd713a3b04e1c0ab4fe69bb45266d54413,False,docker,/home/raspberrypi-wf/samothrace-pseudonymization/docker/docker-compose.yml,/home/raspberrypi-wf/samothrace-pseudonymization/docker,8ac4027ae9fb3d7caf616facc29a2f912919ff78e18fdce497fb5b780c0ec2b6,ss-node,2.21.0,/system.slice/docker-204bc9c2de1ea01107f5c2af46c9985bf1e271f5cb7835d3a0580e2e410b0216.scope,docker-ss-node,cadvisor:8080,cadvisor,docker-ss-node-1,117649408
1706539486,container_memory_working_set_bytes,56a830a28bcbe6e135519e7976a827201b076c639dd9209d8db5d245d8e914af,1,sha256:e57b7b9b9fc905ac367e9f5003e951cd713a3b04e1c0ab4fe69bb45266d54413,False,docker,/home/raspberrypi-wf/samothrace-pseudonymization/docker/docker-compose.yml,/home/raspberrypi-wf/samothrace-pseudonymization/docker,8ac4027ae9fb3d7caf616facc29a2f912919ff78e18fdce497fb5b780c0ec2b6,ss-node,2.21.0,/system.slice/docker-204bc9c2de1ea01107f5c2af46c9985bf1e271f5cb7835d3a0580e2e410b0216.scope,docker-ss-node,cadvisor:8080,cadvisor,docker-ss-node-1,117649408
1706539487,container_memory_working_set_bytes,56a830a28bcbe6e135519e7976a827201b076c639dd9209d8db5d245d8e914af,1,sha256:e57b7b9b9fc905ac367e9f5003e951cd713a3b04e1c0ab4fe69bb45266d54413,False,docker,/home/raspberrypi-wf/samothrace-pseudonymization/docker/docker-compose.yml,/home/raspberrypi-wf/samothrace-pseudonymization/docker,8ac4027ae9fb3d7caf616facc29a2f912919ff78e18fdce497fb5b780c0ec2b6,ss-node,2.21.0,/system.slice/docker-204bc9c2de1ea01107f5c2af46c9985bf1e271f5cb7835d3a0580e2e410b0216.scope,docker-ss-node,cadvisor:8080,cadvisor,docker-ss-node-1,117649408
1706539488,container_memory_working_set_bytes,56a830a28bcbe6e135519e7976a827201b076c639dd9209d8db5d245d8e914af,1,sha256:e57b7b9b9fc905ac367e9f5003e951cd713a3b04e1c0ab4fe69bb45266d54413,False,docker,/home/raspberrypi-wf/samothrace-pseudonymization/docker/docker-compose.yml,/home/raspberrypi-wf/samothrace-pseudonymization/docker,8ac4027ae9fb3d7caf616facc29a2f912919ff78e18fdce497fb5b780c0ec2b6,ss-node,2.21.0,/system.slice/docker-204bc9c2de1ea01107f5c2af46c9985bf1e271f5cb7835d3a0580e2e410b0216.scope,docker-ss-node,cadvisor:8080,cadvisor,docker-ss-node-1,117649408
1706539489,container_memory_working_set_bytes,56a830a28bcbe6e135519e7976a827201b076c639dd9209d8db5d245d8e914af,1,sha256:e57b7b9b9fc905ac367e9f5003e951cd713a3b04e1c0ab4fe69bb45266d54413,False,docker,/home/raspberrypi-wf/samothrace-pseudonymization/docker/docker-compose.yml,/home/raspberrypi-wf/samothrace-pseudonymization/docker,8ac4027ae9fb3d7caf616facc29a2f912919ff78e18fdce497fb5b780c0ec2b6,ss-node,2.21.0,/system.slice/docker-204bc9c2de1ea01107f5c2af46c9985bf1e271f5cb7835d3a0580e2e410b0216.scope,docker-ss-node,cadvisor:8080,cadvisor,docker-ss-node-1,117559296
1706539490,container_memory_working_set_bytes,56a830a28bcbe6e135519e7976a827201b076c639dd9209d8db5d245d8e914af,1,sha256:e57b7b9b9fc905ac367e9f5003e951cd713a3b04e1c0ab4fe69bb45266d54413,False,docker,/home/raspberrypi-wf/samothrace-pseudonymization/docker/docker-compose.yml,/home/raspberrypi-wf/samothrace-pseudonymization/docker,8ac4027ae9fb3d7caf616facc29a2f912919ff78e18fdce497fb5b780c0ec2b6,ss-node,2.21.0,/system.slice/docker-204bc9c2de1ea01107f5c2af46c9985bf1e271f5cb7835d3a0580e2e410b0216.scope,docker-ss-node,cadvisor:8080,cadvisor,docker-ss-node-1,117559296
1706539491,container_memory_working_set_bytes,56a830a28bcbe6e135519e7976a827201b076c639dd9209d8db5d245d8e914af,1,sha256:e57b7b9b9fc905ac367e9f5003e951cd713a3b04e1c0ab4fe69bb45266d54413,False,docker,/home/raspberrypi-wf/samothrace-pseudonymization/docker/docker-compose.yml,/home/raspberrypi-wf/samothrace-pseudonymization/docker,8ac4027ae9fb3d7caf616facc29a2f912919ff78e18fdce497fb5b780c0ec2b6,ss-node,2.21.0,/system.slice/docker-204bc9c2de1ea01107f5c2af46c9985bf1e271f5cb7835d3a0580e2e410b0216.scope,docker-ss-node,cadvisor:8080,cadvisor,docker-ss-node-1,117559296
1706539492,container_memory_working_set_bytes,56a830a28bcbe6e135519e7976a827201b076c639dd9209d8db5d245d8e914af,1,sha256:e57b7b9b9fc905ac367e9f5003e951cd713a3b04e1c0ab4fe69bb45266d54413,False,docker,/home/raspberrypi-wf/samothrace-pseudonymization/docker/docker-compose.yml,/home/raspberrypi-wf/samothrace-pseudonymization/docker,8ac4027ae9fb3d7caf616facc29a2f912919ff78e18fdce497fb5b780c0ec2b6,ss-node,2.21.0,/system.slice/docker-204bc9c2de1ea01107f5c2af46c9985bf1e271f5cb7835d3a0580e2e410b0216.scope,docker-ss-node,cadvisor:8080,cadvisor,docker-ss-node-1,117559296
1706539493,container_memory_working_set_bytes,56a830a28bcbe6e135519e7976a827201b076c639dd9209d8db5d245d8e914af,1,sha256:e57b7b9b9fc905ac367e9f5003e951cd713a3b04e1c0ab4fe69bb45266d54413,False,docker,/home/raspberrypi-wf/samothrace-pseudonymization/docker/docker-compose.yml,/home/raspberrypi-wf/samothrace-pseudonymization/docker,8ac4027ae9fb3d7caf616facc29a2f912919ff78e18fdce497fb5b780c0ec2b6,ss-node,2.21.0,/system.slice/docker-204bc9c2de1ea01107f5c2af46c9985bf1e271f5cb7835d3a0580e2e410b0216.scope,docker-ss-node,cadvisor:8080,cadvisor,docker-ss-node-1,117559296
1706539494,container_memory_working_set_bytes,56a830a28bcbe6e135519e7976a827201b076c639dd9209d8db5d245d8e914af,1,sha256:e57b7b9b9fc905ac367e9f5003e951cd713a3b04e1c0ab4fe69bb45266d54413,False,docker,/home/raspberrypi-wf/samothrace-pseudonymization/docker/docker-compose.yml,/home/raspberrypi-wf/samothrace-pseudonymization/docker,8ac4027ae9fb3d7caf616facc29a2f912919ff78e18fdce497fb5b780c0ec2b6,ss-node,2.21.0,/system.slice/docker-204bc9c2de1ea01107f5c2af46c9985bf1e271f5cb7835d3a0580e2e410b0216.scope,docker-ss-node,cadvisor:8080,cadvisor,docker-ss-node-1,118833152
1706539495,container_memory_working_set_bytes,56a830a28bcbe6e135519e7976a827201b076c639dd9209d8db5d245d8e914af,1,sha256:e57b7b9b9fc905ac367e9f5003e951cd713a3b04e1c0ab4fe69bb45266d54413,False,docker,/home/raspberrypi-wf/samothrace-pseudonymization/docker/docker-compose.yml,/home/raspberrypi-wf/samothrace-pseudonymization/docker,8ac4027ae9fb3d7caf616facc29a2f912919ff78e18fdce497fb5b780c0ec2b6,ss-node,2.21.0,/system.slice/docker-204bc9c2de1ea01107f5c2af46c9985bf1e271f5cb7835d3a0580e2e410b0216.scope,docker-ss-node,cadvisor:8080,cadvisor,docker-ss-node-1,118833152
1706539496,container_memory_working_set_bytes,56a830a28bcbe6e135519e7976a827201b076c639dd9209d8db5d245d8e914af,1,sha256:e57b7b9b9fc905ac367e9f5003e951cd713a3b04e1c0ab4fe69bb45266d54413,False,docker,/home/raspberrypi-wf/samothrace-pseudonymization/docker/docker-compose.yml,/home/raspberrypi-wf/samothrace-pseudonymization/docker,8ac4027ae9fb3d7caf616facc29a2f912919ff78e18fdce497fb5b780c0ec2b6,ss-node,2.21.0,/system.slice/docker-204bc9c2de1ea01107f5c2af46c9985bf1e271f5cb7835d3a0580e2e410b0216.scope,docker-ss-node,cadvisor:8080,cadvisor,docker-ss-node-1,118833152
1706539497,container_memory_working_set_bytes,56a830a28bcbe6e135519e7976a827201b076c639dd9209d8db5d245d8e914af,1,sha256:e57b7b9b9fc905ac367e9f5003e951cd713a3b04e1c0ab4fe69bb45266d54413,False,docker,/home/raspberrypi-wf/samothrace-pseudonymization/docker/docker-compose.yml,/home/raspberrypi-wf/samothrace-pseudonymization/docker,8ac4027ae9fb3d7caf616facc29a2f912919ff78e18fdce497fb5b780c0ec2b6,ss-node,2.21.0,/system.slice/docker-204bc9c2de1ea01107f5c2af46c9985bf1e271f5cb7835d3a0580e2e410b0216.scope,docker-ss-node,cadvisor:8080,cadvisor,docker-ss-node-1,118833152
1706539498,container_memory_working_set_bytes,56a830a28bcbe6e135519e7976a827201b076c639dd9209d8db5d245d8e914af,1,sha256:e57b7b9b9fc905ac367e9f5003e951cd713a3b04e1c0ab4fe69bb45266d54413,False,docker,/home/raspberrypi-wf/samothrace-pseudonymization/docker/docker-compose.yml,/home/raspberrypi-wf/samothrace-pseudonymization/docker,8ac4027ae9fb3d7caf616facc29a2f912919ff78e18fdce497fb5b780c0ec2b6,ss-node,2.21.0,/system.slice/docker-204bc9c2de1ea01107f5c2af46c9985bf1e271f5cb7835d3a0580e2e410b0216.scope,docker-ss-node,cadvisor:8080,cadvisor,docker-ss-node-1,118833152
1706539499,container_memory_working_set_bytes,56a830a28bcbe6e135519e7976a827201b076c639dd9209d8db5d245d8e914af,1,sha256:e57b7b9b9fc905ac367e9f5003e951cd713a3b04e1c0ab4fe69bb45266d54413,False,docker,/home/raspberrypi-wf/samothrace-pseudonymization/docker/docker-compose.yml,/home/raspberrypi-wf/samothrace-pseudonymization/docker,8ac4027ae9fb3d7caf616facc29a2f912919ff78e18fdce497fb5b780c0ec2b6,ss-node,2.21.0,/system.slice/docker-204bc9c2de1ea01107f5c2af46c9985bf1e271f5cb7835d3a0580e2e410b0216.scope,docker-ss-node,cadvisor:8080,cadvisor,docker-ss-node-1,118833152
1706539500,container_memory_working_set_bytes,56a830a28bcbe6e135519e7976a827201b076c639dd9209d8db5d245d8e914af,1,sha256:e57b7b9b9fc905ac367e9f5003e951cd713a3b04e1c0ab4fe69bb45266d54413,False,docker,/home/raspberrypi-wf/samothrace-pseudonymization/docker/docker-compose.yml,/home/raspberrypi-wf/samothrace-pseudonymization/docker,8ac4027ae9fb3d7caf616facc29a2f912919ff78e18fdce497fb5b780c0ec2b6,ss-node,2.21.0,/system.slice/docker-204bc9c2de1ea01107f5c2af46c9985bf1e271f5cb7835d3a0580e2e410b0216.scope,docker-ss-node,cadvisor:8080,cadvisor,docker-ss-node-1,119623680
1706539501,container_memory_working_set_bytes,56a830a28bcbe6e135519e7976a827201b076c639dd9209d8db5d245d8e914af,1,sha256:e57b7b9b9fc905ac367e9f5003e951cd713a3b04e1c0ab4fe69bb45266d54413,False,docker,/home/raspberrypi-wf/samothrace-pseudonymization/docker/docker-compose.yml,/home/raspberrypi-wf/samothrace-pseudonymization/docker,8ac4027ae9fb3d7caf616facc29a2f912919ff78e18fdce497fb5b780c0ec2b6,ss-node,2.21.0,/system.slice/docker-204bc9c2de1ea01107f5c2af46c9985bf1e271f5cb7835d3a0580e2e410b0216.scope,docker-ss-node,cadvisor:8080,cadvisor,docker-ss-node-1,119623680
1706539502,container_memory_working_set_bytes,56a830a28bcbe6e135519e7976a827201b076c639dd9209d8db5d245d8e914af,1,sha256:e57b7b9b9fc905ac367e9f5003e951cd713a3b04e1c0ab4fe69bb45266d54413,False,docker,/home/raspberrypi-wf/samothrace-pseudonymization/docker/docker-compose.yml,/home/raspberrypi-wf/samothrace-pseudonymization/docker,8ac4027ae9fb3d7caf616facc29a2f912919ff78e18fdce497fb5b780c0ec2b6,ss-node,2.21.0,/system.slice/docker-204bc9c2de1ea01107f5c2af46c9985bf1e271f5cb7835d3a0580e2e410b0216.scope,docker-ss-node,cadvisor:8080,cadvisor,docker-ss-node-1,119623680
1706539503,container_memory_working_set_bytes,56a830a28bcbe6e135519e7976a827201b076c639dd9209d8db5d245d8e914af,1,sha256:e57b7b9b9fc905ac367e9f5003e951cd713a3b04e1c0ab4fe69bb45266d54413,False,docker,/home/raspberrypi-wf/samothrace-pseudonymization/docker/docker-compose.yml,/home/raspberrypi-wf/samothrace-pseudonymization/docker,8ac4027ae9fb3d7caf616facc29a2f912919ff78e18fdce497fb5b780c0ec2b6,ss-node,2.21.0,/system.slice/docker-204bc9c2de1ea01107f5c2af46c9985bf1e271f5cb7835d3a0580e2e410b0216.scope,docker-ss-node,cadvisor:8080,cadvisor,docker-ss-node-1,119623680
1706539504,container_memory_working_set_bytes,56a830a28bcbe6e135519e7976a827201b076c639dd9209d8db5d245d8e914af,1,sha256:e57b7b9b9fc905ac367e9f5003e951cd713a3b04e1c0ab4fe69bb45266d54413,False,docker,/home/raspberrypi-wf/samothrace-pseudonymization/docker/docker-compose.yml,/home/raspberrypi-wf/samothrace-pseudonymization/docker,8ac4027ae9fb3d7caf616facc29a2f912919ff78e18fdce497fb5b780c0ec2b6,ss-node,2.21.0,/system.slice/docker-204bc9c2de1ea01107f5c2af46c9985bf1e271f5cb7835d3a0580e2e410b0216.scope,docker-ss-node,cadvisor:8080,cadvisor,docker-ss-node-1,117948416
1706539505,container_memory_working_set_bytes,56a830a28bcbe6e135519e7976a827201b076c639dd9209d8db5d245d8e914af,1,sha256:e57b7b9b9fc905ac367e9f5003e951cd713a3b04e1c0ab4fe69bb45266d54413,False,docker,/home/raspberrypi-wf/samothrace-pseudonymization/docker/docker-compose.yml,/home/raspberrypi-wf/samothrace-pseudonymization/docker,8ac4027ae9fb3d7caf616facc29a2f912919ff78e18fdce497fb5b780c0ec2b6,ss-node,2.21.0,/system.slice/docker-204bc9c2de1ea01107f5c2af46c9985bf1e271f5cb7835d3a0580e2e410b0216.scope,docker-ss-node,cadvisor:8080,cadvisor,docker-ss-node-1,117948416
1706539506,container_memory_working_set_bytes,56a830a28bcbe6e135519e7976a827201b076c639dd9209d8db5d245d8e914af,1,sha256:e57b7b9b9fc905ac367e9f5003e951cd713a3b04e1c0ab4fe69bb45266d54413,False,docker,/home/raspberrypi-wf/samothrace-pseudonymization/docker/docker-compose.yml,/home/raspberrypi-wf/samothrace-pseudonymization/docker,8ac4027ae9fb3d7caf616facc29a2f912919ff78e18fdce497fb5b780c0ec2b6,ss-node,2.21.0,/system.slice/docker-204bc9c2de1ea01107f5c2af46c9985bf1e271f5cb7835d3a0580e2e410b0216.scope,docker-ss-node,cadvisor:8080,cadvisor,docker-ss-node-1,117948416
1706539507,container_memory_working_set_bytes,56a830a28bcbe6e135519e7976a827201b076c639dd9209d8db5d245d8e914af,1,sha256:e57b7b9b9fc905ac367e9f5003e951cd713a3b04e1c0ab4fe69bb45266d54413,False,docker,/home/raspberrypi-wf/samothrace-pseudonymization/docker/docker-compose.yml,/home/raspberrypi-wf/samothrace-pseudonymization/docker,8ac4027ae9fb3d7caf616facc29a2f912919ff78e18fdce497fb5b780c0ec2b6,ss-node,2.21.0,/system.slice/docker-204bc9c2de1ea01107f5c2af46c9985bf1e271f5cb7835d3a0580e2e410b0216.scope,docker-ss-node,cadvisor:8080,cadvisor,docker-ss-node-1,117948416
1706539508,container_memory_working_set_bytes,56a830a28bcbe6e135519e7976a827201b076c639dd9209d8db5d245d8e914af,1,sha256:e57b7b9b9fc905ac367e9f5003e951cd713a3b04e1c0ab4fe69bb45266d54413,False,docker,/home/raspberrypi-wf/samothrace-pseudonymization/docker/docker-compose.yml,/home/raspberrypi-wf/samothrace-pseudonymization/docker,8ac4027ae9fb3d7caf616facc29a2f912919ff78e18fdce497fb5b780c0ec2b6,ss-node,2.21.0,/system.slice/docker-204bc9c2de1ea01107f5c2af46c9985bf1e271f5cb7835d3a0580e2e410b0216.scope,docker-ss-node,cadvisor:8080,cadvisor,docker-ss-node-1,117948416
1706539509,container_memory_working_set_bytes,56a830a28bcbe6e135519e7976a827201b076c639dd9209d8db5d245d8e914af,1,sha256:e57b7b9b9fc905ac367e9f5003e951cd713a3b04e1c0ab4fe69bb45266d54413,False,docker,/home/raspberrypi-wf/samothrace-pseudonymization/docker/docker-compose.yml,/home/raspberrypi-wf/samothrace-pseudonymization/docker,8ac4027ae9fb3d7caf616facc29a2f912919ff78e18fdce497fb5b780c0ec2b6,ss-node,2.21.0,/system.slice/docker-204bc9c2de1ea01107f5c2af46c9985bf1e271f5cb7835d3a0580e2e410b0216.scope,docker-ss-node,cadvisor:8080,cadvisor,docker-ss-node-1,117948416
1706539510,container_memory_working_set_bytes,56a830a28bcbe6e135519e7976a827201b076c639dd9209d8db5d245d8e914af,1,sha256:e57b7b9b9fc905ac367e9f5003e951cd713a3b04e1c0ab4fe69bb45266d54413,False,docker,/home/raspberrypi-wf/samothrace-pseudonymization/docker/docker-compose.yml,/home/raspberrypi-wf/samothrace-pseudonymization/docker,8ac4027ae9fb3d7caf616facc29a2f912919ff78e18fdce497fb5b780c0ec2b6,ss-node,2.21.0,/system.slice/docker-204bc9c2de1ea01107f5c2af46c9985bf1e271f5cb7835d3a0580e2e410b0216.scope,docker-ss-node,cadvisor:8080,cadvisor,docker-ss-node-1,119549952
1706539511,container_memory_working_set_bytes,56a830a28bcbe6e135519e7976a827201b076c639dd9209d8db5d245d8e914af,1,sha256:e57b7b9b9fc905ac367e9f5003e951cd713a3b04e1c0ab4fe69bb45266d54413,False,docker,/home/raspberrypi-wf/samothrace-pseudonymization/docker/docker-compose.yml,/home/raspberrypi-wf/samothrace-pseudonymization/docker,8ac4027ae9fb3d7caf616facc29a2f912919ff78e18fdce497fb5b780c0ec2b6,ss-node,2.21.0,/system.slice/docker-204bc9c2de1ea01107f5c2af46c9985bf1e271f5cb7835d3a0580e2e410b0216.scope,docker-ss-node,cadvisor:8080,cadvisor,docker-ss-node-1,119549952
1706539512,container_memory_working_set_bytes,56a830a28bcbe6e135519e7976a827201b076c639dd9209d8db5d245d8e914af,1,sha256:e57b7b9b9fc905ac367e9f5003e951cd713a3b04e1c0ab4fe69bb45266d54413,False,docker,/home/raspberrypi-wf/samothrace-pseudonymization/docker/docker-compose.yml,/home/raspberrypi-wf/samothrace-pseudonymization/docker,8ac4027ae9fb3d7caf616facc29a2f912919ff78e18fdce497fb5b780c0ec2b6,ss-node,2.21.0,/system.slice/docker-204bc9c2de1ea01107f5c2af46c9985bf1e271f5cb7835d3a0580e2e410b0216.scope,docker-ss-node,cadvisor:8080,cadvisor,docker-ss-node-1,119549952
1706539513,container_memory_working_set_bytes,56a830a28bcbe6e135519e7976a827201b076c639dd9209d8db5d245d8e914af,1,sha256:e57b7b9b9fc905ac367e9f5003e951cd713a3b04e1c0ab4fe69bb45266d54413,False,docker,/home/raspberrypi-wf/samothrace-pseudonymization/docker/docker-compose.yml,/home/raspberrypi-wf/samothrace-pseudonymization/docker,8ac4027ae9fb3d7caf616facc29a2f912919ff78e18fdce497fb5b780c0ec2b6,ss-node,2.21.0,/system.slice/docker-204bc9c2de1ea01107f5c2af46c9985bf1e271f5cb7835d3a0580e2e410b0216.scope,docker-ss-node,cadvisor:8080,cadvisor,docker-ss-node-1,119549952
1706539514,container_memory_working_set_bytes,56a830a28bcbe6e135519e7976a827201b076c639dd9209d8db5d245d8e914af,1,sha256:e57b7b9b9fc905ac367e9f5003e951cd713a3b04e1c0ab4fe69bb45266d54413,False,docker,/home/raspberrypi-wf/samothrace-pseudonymization/docker/docker-compose.yml,/home/raspberrypi-wf/samothrace-pseudonymization/docker,8ac4027ae9fb3d7caf616facc29a2f912919ff78e18fdce497fb5b780c0ec2b6,ss-node,2.21.0,/system.slice/docker-204bc9c2de1ea01107f5c2af46c9985bf1e271f5cb7835d3a0580e2e410b0216.scope,docker-ss-node,cadvisor:8080,cadvisor,docker-ss-node-1,119549952
1706539515,container_memory_working_set_bytes,56a830a28bcbe6e135519e7976a827201b076c639dd9209d8db5d245d8e914af,1,sha256:e57b7b9b9fc905ac367e9f5003e951cd713a3b04e1c0ab4fe69bb45266d54413,False,docker,/home/raspberrypi-wf/samothrace-pseudonymization/docker/docker-compose.yml,/home/raspberrypi-wf/samothrace-pseudonymization/docker,8ac4027ae9fb3d7caf616facc29a2f912919ff78e18fdce497fb5b780c0ec2b6,ss-node,2.21.0,/system.slice/docker-204bc9c2de1ea01107f5c2af46c9985bf1e271f5cb7835d3a0580e2e410b0216.scope,docker-ss-node,cadvisor:8080,cadvisor,docker-ss-node-1,120737792
1706539516,container_memory_working_set_bytes,56a830a28bcbe6e135519e7976a827201b076c639dd9209d8db5d245d8e914af,1,sha256:e57b7b9b9fc905ac367e9f5003e951cd713a3b04e1c0ab4fe69bb45266d54413,False,docker,/home/raspberrypi-wf/samothrace-pseudonymization/docker/docker-compose.yml,/home/raspberrypi-wf/samothrace-pseudonymization/docker,8ac4027ae9fb3d7caf616facc29a2f912919ff78e18fdce497fb5b780c0ec2b6,ss-node,2.21.0,/system.slice/docker-204bc9c2de1ea01107f5c2af46c9985bf1e271f5cb7835d3a0580e2e410b0216.scope,docker-ss-node,cadvisor:8080,cadvisor,docker-ss-node-1,120737792
1706539517,container_memory_working_set_bytes,56a830a28bcbe6e135519e7976a827201b076c639dd9209d8db5d245d8e914af,1,sha256:e57b7b9b9fc905ac367e9f5003e951cd713a3b04e1c0ab4fe69bb45266d54413,False,docker,/home/raspberrypi-wf/samothrace-pseudonymization/docker/docker-compose.yml,/home/raspberrypi-wf/samothrace-pseudonymization/docker,8ac4027ae9fb3d7caf616facc29a2f912919ff78e18fdce497fb5b780c0ec2b6,ss-node,2.21.0,/system.slice/docker-204bc9c2de1ea01107f5c2af46c9985bf1e271f5cb7835d3a0580e2e410b0216.scope,docker-ss-node,cadvisor:8080,cadvisor,docker-ss-node-1,120737792
1706539518,container_memory_working_set_bytes,56a830a28bcbe6e135519e7976a827201b076c639dd9209d8db5d245d8e914af,1,sha256:e57b7b9b9fc905ac367e9f5003e951cd713a3b04e1c0ab4fe69bb45266d54413,False,docker,/home/raspberrypi-wf/samothrace-pseudonymization/docker/docker-compose.yml,/home/raspberrypi-wf/samothrace-pseudonymization/docker,8ac4027ae9fb3d7caf616facc29a2f912919ff78e18fdce497fb5b780c0ec2b6,ss-node,2.21.0,/system.slice/docker-204bc9c2de1ea01107f5c2af46c9985bf1e271f5cb7835d3a0580e2e410b0216.scope,docker-ss-node,cadvisor:8080,cadvisor,docker-ss-node-1,120737792
1706539519,container_memory_working_set_bytes,56a830a28bcbe6e135519e7976a827201b076c639dd9209d8db5d245d8e914af,1,sha256:e57b7b9b9fc905ac367e9f5003e951cd713a3b04e1c0ab4fe69bb45266d54413,False,docker,/home/raspberrypi-wf/samothrace-pseudonymization/docker/docker-compose.yml,/home/raspberrypi-wf/samothrace-pseudonymization/docker,8ac4027ae9fb3d7caf616facc29a2f912919ff78e18fdce497fb5b780c0ec2b6,ss-node,2.21.0,/system.slice/docker-204bc9c2de1ea01107f5c2af46c9985bf1e271f5cb7835d3a0580e2e410b0216.scope,docker-ss-node,cadvisor:8080,cadvisor,docker-ss-node-1,117932032
1706539520,container_memory_working_set_bytes,56a830a28bcbe6e135519e7976a827201b076c639dd9209d8db5d245d8e914af,1,sha256:e57b7b9b9fc905ac367e9f5003e951cd713a3b04e1c0ab4fe69bb45266d54413,False,docker,/home/raspberrypi-wf/samothrace-pseudonymization/docker/docker-compose.yml,/home/raspberrypi-wf/samothrace-pseudonymization/docker,8ac4027ae9fb3d7caf616facc29a2f912919ff78e18fdce497fb5b780c0ec2b6,ss-node,2.21.0,/system.slice/docker-204bc9c2de1ea01107f5c2af46c9985bf1e271f5cb7835d3a0580e2e410b0216.scope,docker-ss-node,cadvisor:8080,cadvisor,docker-ss-node-1,117932032
1706539521,container_memory_working_set_bytes,56a830a28bcbe6e135519e7976a827201b076c639dd9209d8db5d245d8e914af,1,sha256:e57b7b9b9fc905ac367e9f5003e951cd713a3b04e1c0ab4fe69bb45266d54413,False,docker,/home/raspberrypi-wf/samothrace-pseudonymization/docker/docker-compose.yml,/home/raspberrypi-wf/samothrace-pseudonymization/docker,8ac4027ae9fb3d7caf616facc29a2f912919ff78e18fdce497fb5b780c0ec2b6,ss-node,2.21.0,/system.slice/docker-204bc9c2de1ea01107f5c2af46c9985bf1e271f5cb7835d3a0580e2e410b0216.scope,docker-ss-node,cadvisor:8080,cadvisor,docker-ss-node-1,117932032
1706539522,container_memory_working_set_bytes,56a830a28bcbe6e135519e7976a827201b076c639dd9209d8db5d245d8e914af,1,sha256:e57b7b9b9fc905ac367e9f5003e951cd713a3b04e1c0ab4fe69bb45266d54413,False,docker,/home/raspberrypi-wf/samothrace-pseudonymization/docker/docker-compose.yml,/home/raspberrypi-wf/samothrace-pseudonymization/docker,8ac4027ae9fb3d7caf616facc29a2f912919ff78e18fdce497fb5b780c0ec2b6,ss-node,2.21.0,/system.slice/docker-204bc9c2de1ea01107f5c2af46c9985bf1e271f5cb7835d3a0580e2e410b0216.scope,docker-ss-node,cadvisor:8080,cadvisor,docker-ss-node-1,117932032
1706539523,container_memory_working_set_bytes,56a830a28bcbe6e135519e7976a827201b076c639dd9209d8db5d245d8e914af,1,sha256:e57b7b9b9fc905ac367e9f5003e951cd713a3b04e1c0ab4fe69bb45266d54413,False,docker,/home/raspberrypi-wf/samothrace-pseudonymization/docker/docker-compose.yml,/home/raspberrypi-wf/samothrace-pseudonymization/docker,8ac4027ae9fb3d7caf616facc29a2f912919ff78e18fdce497fb5b780c0ec2b6,ss-node,2.21.0,/system.slice/docker-204bc9c2de1ea01107f5c2af46c9985bf1e271f5cb7835d3a0580e2e410b0216.scope,docker-ss-node,cadvisor:8080,cadvisor,docker-ss-node-1,117932032
1706539524,container_memory_working_set_bytes,56a830a28bcbe6e135519e7976a827201b076c639dd9209d8db5d245d8e914af,1,sha256:e57b7b9b9fc905ac367e9f5003e951cd713a3b04e1c0ab4fe69bb45266d54413,False,docker,/home/raspberrypi-wf/samothrace-pseudonymization/docker/docker-compose.yml,/home/raspberrypi-wf/samothrace-pseudonymization/docker,8ac4027ae9fb3d7caf616facc29a2f912919ff78e18fdce497fb5b780c0ec2b6,ss-node,2.21.0,/system.slice/docker-204bc9c2de1ea01107f5c2af46c9985bf1e271f5cb7835d3a0580e2e410b0216.scope,docker-ss-node,cadvisor:8080,cadvisor,docker-ss-node-1,118407168
1706539525,container_memory_working_set_bytes,56a830a28bcbe6e135519e7976a827201b076c639dd9209d8db5d245d8e914af,1,sha256:e57b7b9b9fc905ac367e9f5003e951cd713a3b04e1c0ab4fe69bb45266d54413,False,docker,/home/raspberrypi-wf/samothrace-pseudonymization/docker/docker-compose.yml,/home/raspberrypi-wf/samothrace-pseudonymization/docker,8ac4027ae9fb3d7caf616facc29a2f912919ff78e18fdce497fb5b780c0ec2b6,ss-node,2.21.0,/system.slice/docker-204bc9c2de1ea01107f5c2af46c9985bf1e271f5cb7835d3a0580e2e410b0216.scope,docker-ss-node,cadvisor:8080,cadvisor,docker-ss-node-1,118407168
1706539526,container_memory_working_set_bytes,56a830a28bcbe6e135519e7976a827201b076c639dd9209d8db5d245d8e914af,1,sha256:e57b7b9b9fc905ac367e9f5003e951cd713a3b04e1c0ab4fe69bb45266d54413,False,docker,/home/raspberrypi-wf/samothrace-pseudonymization/docker/docker-compose.yml,/home/raspberrypi-wf/samothrace-pseudonymization/docker,8ac4027ae9fb3d7caf616facc29a2f912919ff78e18fdce497fb5b780c0ec2b6,ss-node,2.21.0,/system.slice/docker-204bc9c2de1ea01107f5c2af46c9985bf1e271f5cb7835d3a0580e2e410b0216.scope,docker-ss-node,cadvisor:8080,cadvisor,docker-ss-node-1,118407168
1706539527,container_memory_working_set_bytes,56a830a28bcbe6e135519e7976a827201b076c639dd9209d8db5d245d8e914af,1,sha256:e57b7b9b9fc905ac367e9f5003e951cd713a3b04e1c0ab4fe69bb45266d54413,False,docker,/home/raspberrypi-wf/samothrace-pseudonymization/docker/docker-compose.yml,/home/raspberrypi-wf/samothrace-pseudonymization/docker,8ac4027ae9fb3d7caf616facc29a2f912919ff78e18fdce497fb5b780c0ec2b6,ss-node,2.21.0,/system.slice/docker-204bc9c2de1ea01107f5c2af46c9985bf1e271f5cb7835d3a0580e2e410b0216.scope,docker-ss-node,cadvisor:8080,cadvisor,docker-ss-node-1,118407168
1706539528,container_memory_working_set_bytes,56a830a28bcbe6e135519e7976a827201b076c639dd9209d8db5d245d8e914af,1,sha256:e57b7b9b9fc905ac367e9f5003e951cd713a3b04e1c0ab4fe69bb45266d54413,False,docker,/home/raspberrypi-wf/samothrace-pseudonymization/docker/docker-compose.yml,/home/raspberrypi-wf/samothrace-pseudonymization/docker,8ac4027ae9fb3d7caf616facc29a2f912919ff78e18fdce497fb5b780c0ec2b6,ss-node,2.21.0,/system.slice/docker-204bc9c2de1ea01107f5c2af46c9985bf1e271f5cb7835d3a0580e2e410b0216.scope,docker-ss-node,cadvisor:8080,cadvisor,docker-ss-node-1,118407168
1706539529,container_memory_working_set_bytes,56a830a28bcbe6e135519e7976a827201b076c639dd9209d8db5d245d8e914af,1,sha256:e57b7b9b9fc905ac367e9f5003e951cd713a3b04e1c0ab4fe69bb45266d54413,False,docker,/home/raspberrypi-wf/samothrace-pseudonymization/docker/docker-compose.yml,/home/raspberrypi-wf/samothrace-pseudonymization/docker,8ac4027ae9fb3d7caf616facc29a2f912919ff78e18fdce497fb5b780c0ec2b6,ss-node,2.21.0,/system.slice/docker-204bc9c2de1ea01107f5c2af46c9985bf1e271f5cb7835d3a0580e2e410b0216.scope,docker-ss-node,cadvisor:8080,cadvisor,docker-ss-node-1,117682176
1706539530,container_memory_working_set_bytes,56a830a28bcbe6e135519e7976a827201b076c639dd9209d8db5d245d8e914af,1,sha256:e57b7b9b9fc905ac367e9f5003e951cd713a3b04e1c0ab4fe69bb45266d54413,False,docker,/home/raspberrypi-wf/samothrace-pseudonymization/docker/docker-compose.yml,/home/raspberrypi-wf/samothrace-pseudonymization/docker,8ac4027ae9fb3d7caf616facc29a2f912919ff78e18fdce497fb5b780c0ec2b6,ss-node,2.21.0,/system.slice/docker-204bc9c2de1ea01107f5c2af46c9985bf1e271f5cb7835d3a0580e2e410b0216.scope,docker-ss-node,cadvisor:8080,cadvisor,docker-ss-node-1,117682176
1706539531,container_memory_working_set_bytes,56a830a28bcbe6e135519e7976a827201b076c639dd9209d8db5d245d8e914af,1,sha256:e57b7b9b9fc905ac367e9f5003e951cd713a3b04e1c0ab4fe69bb45266d54413,False,docker,/home/raspberrypi-wf/samothrace-pseudonymization/docker/docker-compose.yml,/home/raspberrypi-wf/samothrace-pseudonymization/docker,8ac4027ae9fb3d7caf616facc29a2f912919ff78e18fdce497fb5b780c0ec2b6,ss-node,2.21.0,/system.slice/docker-204bc9c2de1ea01107f5c2af46c9985bf1e271f5cb7835d3a0580e2e410b0216.scope,docker-ss-node,cadvisor:8080,cadvisor,docker-ss-node-1,117682176
1706539532,container_memory_working_set_bytes,56a830a28bcbe6e135519e7976a827201b076c639dd9209d8db5d245d8e914af,1,sha256:e57b7b9b9fc905ac367e9f5003e951cd713a3b04e1c0ab4fe69bb45266d54413,False,docker,/home/raspberrypi-wf/samothrace-pseudonymization/docker/docker-compose.yml,/home/raspberrypi-wf/samothrace-pseudonymization/docker,8ac4027ae9fb3d7caf616facc29a2f912919ff78e18fdce497fb5b780c0ec2b6,ss-node,2.21.0,/system.slice/docker-204bc9c2de1ea01107f5c2af46c9985bf1e271f5cb7835d3a0580e2e410b0216.scope,docker-ss-node,cadvisor:8080,cadvisor,docker-ss-node-1,117682176
1706539533,container_memory_working_set_bytes,56a830a28bcbe6e135519e7976a827201b076c639dd9209d8db5d245d8e914af,1,sha256:e57b7b9b9fc905ac367e9f5003e951cd713a3b04e1c0ab4fe69bb45266d54413,False,docker,/home/raspberrypi-wf/samothrace-pseudonymization/docker/docker-compose.yml,/home/raspberrypi-wf/samothrace-pseudonymization/docker,8ac4027ae9fb3d7caf616facc29a2f912919ff78e18fdce497fb5b780c0ec2b6,ss-node,2.21.0,/system.slice/docker-204bc9c2de1ea01107f5c2af46c9985bf1e271f5cb7835d3a0580e2e410b0216.scope,docker-ss-node,cadvisor:8080,cadvisor,docker-ss-node-1,117682176
1706539534,container_memory_working_set_bytes,56a830a28bcbe6e135519e7976a827201b076c639dd9209d8db5d245d8e914af,1,sha256:e57b7b9b9fc905ac367e9f5003e951cd713a3b04e1c0ab4fe69bb45266d54413,False,docker,/home/raspberrypi-wf/samothrace-pseudonymization/docker/docker-compose.yml,/home/raspberrypi-wf/samothrace-pseudonymization/docker,8ac4027ae9fb3d7caf616facc29a2f912919ff78e18fdce497fb5b780c0ec2b6,ss-node,2.21.0,/system.slice/docker-204bc9c2de1ea01107f5c2af46c9985bf1e271f5cb7835d3a0580e2e410b0216.scope,docker-ss-node,cadvisor:8080,cadvisor,docker-ss-node-1,117723136
1706539535,container_memory_working_set_bytes,56a830a28bcbe6e135519e7976a827201b076c639dd9209d8db5d245d8e914af,1,sha256:e57b7b9b9fc905ac367e9f5003e951cd713a3b04e1c0ab4fe69bb45266d54413,False,docker,/home/raspberrypi-wf/samothrace-pseudonymization/docker/docker-compose.yml,/home/raspberrypi-wf/samothrace-pseudonymization/docker,8ac4027ae9fb3d7caf616facc29a2f912919ff78e18fdce497fb5b780c0ec2b6,ss-node,2.21.0,/system.slice/docker-204bc9c2de1ea01107f5c2af46c9985bf1e271f5cb7835d3a0580e2e410b0216.scope,docker-ss-node,cadvisor:8080,cadvisor,docker-ss-node-1,117723136
1706539536,container_memory_working_set_bytes,56a830a28bcbe6e135519e7976a827201b076c639dd9209d8db5d245d8e914af,1,sha256:e57b7b9b9fc905ac367e9f5003e951cd713a3b04e1c0ab4fe69bb45266d54413,False,docker,/home/raspberrypi-wf/samothrace-pseudonymization/docker/docker-compose.yml,/home/raspberrypi-wf/samothrace-pseudonymization/docker,8ac4027ae9fb3d7caf616facc29a2f912919ff78e18fdce497fb5b780c0ec2b6,ss-node,2.21.0,/system.slice/docker-204bc9c2de1ea01107f5c2af46c9985bf1e271f5cb7835d3a0580e2e410b0216.scope,docker-ss-node,cadvisor:8080,cadvisor,docker-ss-node-1,117723136
1706539537,container_memory_working_set_bytes,56a830a28bcbe6e135519e7976a827201b076c639dd9209d8db5d245d8e914af,1,sha256:e57b7b9b9fc905ac367e9f5003e951cd713a3b04e1c0ab4fe69bb45266d54413,False,docker,/home/raspberrypi-wf/samothrace-pseudonymization/docker/docker-compose.yml,/home/raspberrypi-wf/samothrace-pseudonymization/docker,8ac4027ae9fb3d7caf616facc29a2f912919ff78e18fdce497fb5b780c0ec2b6,ss-node,2.21.0,/system.slice/docker-204bc9c2de1ea01107f5c2af46c9985bf1e271f5cb7835d3a0580e2e410b0216.scope,docker-ss-node,cadvisor:8080,cadvisor,docker-ss-node-1,117723136
1706539538,container_memory_working_set_bytes,56a830a28bcbe6e135519e7976a827201b076c639dd9209d8db5d245d8e914af,1,sha256:e57b7b9b9fc905ac367e9f5003e951cd713a3b04e1c0ab4fe69bb45266d54413,False,docker,/home/raspberrypi-wf/samothrace-pseudonymization/docker/docker-compose.yml,/home/raspberrypi-wf/samothrace-pseudonymization/docker,8ac4027ae9fb3d7caf616facc29a2f912919ff78e18fdce497fb5b780c0ec2b6,ss-node,2.21.0,/system.slice/docker-204bc9c2de1ea01107f5c2af46c9985bf1e271f5cb7835d3a0580e2e410b0216.scope,docker-ss-node,cadvisor:8080,cadvisor,docker-ss-node-1,117723136
1706539539,container_memory_working_set_bytes,56a830a28bcbe6e135519e7976a827201b076c639dd9209d8db5d245d8e914af,1,sha256:e57b7b9b9fc905ac367e9f5003e951cd713a3b04e1c0ab4fe69bb45266d54413,False,docker,/home/raspberrypi-wf/samothrace-pseudonymization/docker/docker-compose.yml,/home/raspberrypi-wf/samothrace-pseudonymization/docker,8ac4027ae9fb3d7caf616facc29a2f912919ff78e18fdce497fb5b780c0ec2b6,ss-node,2.21.0,/system.slice/docker-204bc9c2de1ea01107f5c2af46c9985bf1e271f5cb7835d3a0580e2e410b0216.scope,docker-ss-node,cadvisor:8080,cadvisor,docker-ss-node-1,117723136
1706539540,container_memory_working_set_bytes,56a830a28bcbe6e135519e7976a827201b076c639dd9209d8db5d245d8e914af,1,sha256:e57b7b9b9fc905ac367e9f5003e951cd713a3b04e1c0ab4fe69bb45266d54413,False,docker,/home/raspberrypi-wf/samothrace-pseudonymization/docker/docker-compose.yml,/home/raspberrypi-wf/samothrace-pseudonymization/docker,8ac4027ae9fb3d7caf616facc29a2f912919ff78e18fdce497fb5b780c0ec2b6,ss-node,2.21.0,/system.slice/docker-204bc9c2de1ea01107f5c2af46c9985bf1e271f5cb7835d3a0580e2e410b0216.scope,docker-ss-node,cadvisor:8080,cadvisor,docker-ss-node-1,119136256
1706539541,container_memory_working_set_bytes,56a830a28bcbe6e135519e7976a827201b076c639dd9209d8db5d245d8e914af,1,sha256:e57b7b9b9fc905ac367e9f5003e951cd713a3b04e1c0ab4fe69bb45266d54413,False,docker,/home/raspberrypi-wf/samothrace-pseudonymization/docker/docker-compose.yml,/home/raspberrypi-wf/samothrace-pseudonymization/docker,8ac4027ae9fb3d7caf616facc29a2f912919ff78e18fdce497fb5b780c0ec2b6,ss-node,2.21.0,/system.slice/docker-204bc9c2de1ea01107f5c2af46c9985bf1e271f5cb7835d3a0580e2e410b0216.scope,docker-ss-node,cadvisor:8080,cadvisor,docker-ss-node-1,119136256
1706539542,container_memory_working_set_bytes,56a830a28bcbe6e135519e7976a827201b076c639dd9209d8db5d245d8e914af,1,sha256:e57b7b9b9fc905ac367e9f5003e951cd713a3b04e1c0ab4fe69bb45266d54413,False,docker,/home/raspberrypi-wf/samothrace-pseudonymization/docker/docker-compose.yml,/home/raspberrypi-wf/samothrace-pseudonymization/docker,8ac4027ae9fb3d7caf616facc29a2f912919ff78e18fdce497fb5b780c0ec2b6,ss-node,2.21.0,/system.slice/docker-204bc9c2de1ea01107f5c2af46c9985bf1e271f5cb7835d3a0580e2e410b0216.scope,docker-ss-node,cadvisor:8080,cadvisor,docker-ss-node-1,119136256
1706539543,container_memory_working_set_bytes,56a830a28bcbe6e135519e7976a827201b076c639dd9209d8db5d245d8e914af,1,sha256:e57b7b9b9fc905ac367e9f5003e951cd713a3b04e1c0ab4fe69bb45266d54413,False,docker,/home/raspberrypi-wf/samothrace-pseudonymization/docker/docker-compose.yml,/home/raspberrypi-wf/samothrace-pseudonymization/docker,8ac4027ae9fb3d7caf616facc29a2f912919ff78e18fdce497fb5b780c0ec2b6,ss-node,2.21.0,/system.slice/docker-204bc9c2de1ea01107f5c2af46c9985bf1e271f5cb7835d3a0580e2e410b0216.scope,docker-ss-node,cadvisor:8080,cadvisor,docker-ss-node-1,119136256
1706539544,container_memory_working_set_bytes,56a830a28bcbe6e135519e7976a827201b076c639dd9209d8db5d245d8e914af,1,sha256:e57b7b9b9fc905ac367e9f5003e951cd713a3b04e1c0ab4fe69bb45266d54413,False,docker,/home/raspberrypi-wf/samothrace-pseudonymization/docker/docker-compose.yml,/home/raspberrypi-wf/samothrace-pseudonymization/docker,8ac4027ae9fb3d7caf616facc29a2f912919ff78e18fdce497fb5b780c0ec2b6,ss-node,2.21.0,/system.slice/docker-204bc9c2de1ea01107f5c2af46c9985bf1e271f5cb7835d3a0580e2e410b0216.scope,docker-ss-node,cadvisor:8080,cadvisor,docker-ss-node-1,119123968
1706539545,container_memory_working_set_bytes,56a830a28bcbe6e135519e7976a827201b076c639dd9209d8db5d245d8e914af,1,sha256:e57b7b9b9fc905ac367e9f5003e951cd713a3b04e1c0ab4fe69bb45266d54413,False,docker,/home/raspberrypi-wf/samothrace-pseudonymization/docker/docker-compose.yml,/home/raspberrypi-wf/samothrace-pseudonymization/docker,8ac4027ae9fb3d7caf616facc29a2f912919ff78e18fdce497fb5b780c0ec2b6,ss-node,2.21.0,/system.slice/docker-204bc9c2de1ea01107f5c2af46c9985bf1e271f5cb7835d3a0580e2e410b0216.scope,docker-ss-node,cadvisor:8080,cadvisor,docker-ss-node-1,119123968
1706539546,container_memory_working_set_bytes,56a830a28bcbe6e135519e7976a827201b076c639dd9209d8db5d245d8e914af,1,sha256:e57b7b9b9fc905ac367e9f5003e951cd713a3b04e1c0ab4fe69bb45266d54413,False,docker,/home/raspberrypi-wf/samothrace-pseudonymization/docker/docker-compose.yml,/home/raspberrypi-wf/samothrace-pseudonymization/docker,8ac4027ae9fb3d7caf616facc29a2f912919ff78e18fdce497fb5b780c0ec2b6,ss-node,2.21.0,/system.slice/docker-204bc9c2de1ea01107f5c2af46c9985bf1e271f5cb7835d3a0580e2e410b0216.scope,docker-ss-node,cadvisor:8080,cadvisor,docker-ss-node-1,119123968
1706539547,container_memory_working_set_bytes,56a830a28bcbe6e135519e7976a827201b076c639dd9209d8db5d245d8e914af,1,sha256:e57b7b9b9fc905ac367e9f5003e951cd713a3b04e1c0ab4fe69bb45266d54413,False,docker,/home/raspberrypi-wf/samothrace-pseudonymization/docker/docker-compose.yml,/home/raspberrypi-wf/samothrace-pseudonymization/docker,8ac4027ae9fb3d7caf616facc29a2f912919ff78e18fdce497fb5b780c0ec2b6,ss-node,2.21.0,/system.slice/docker-204bc9c2de1ea01107f5c2af46c9985bf1e271f5cb7835d3a0580e2e410b0216.scope,docker-ss-node,cadvisor:8080,cadvisor,docker-ss-node-1,119123968
1706539548,container_memory_working_set_bytes,56a830a28bcbe6e135519e7976a827201b076c639dd9209d8db5d245d8e914af,1,sha256:e57b7b9b9fc905ac367e9f5003e951cd713a3b04e1c0ab4fe69bb45266d54413,False,docker,/home/raspberrypi-wf/samothrace-pseudonymization/docker/docker-compose.yml,/home/raspberrypi-wf/samothrace-pseudonymization/docker,8ac4027ae9fb3d7caf616facc29a2f912919ff78e18fdce497fb5b780c0ec2b6,ss-node,2.21.0,/system.slice/docker-204bc9c2de1ea01107f5c2af46c9985bf1e271f5cb7835d3a0580e2e410b0216.scope,docker-ss-node,cadvisor:8080,cadvisor,docker-ss-node-1,119123968
1706539549,container_memory_working_set_bytes,56a830a28bcbe6e135519e7976a827201b076c639dd9209d8db5d245d8e914af,1,sha256:e57b7b9b9fc905ac367e9f5003e951cd713a3b04e1c0ab4fe69bb45266d54413,False,docker,/home/raspberrypi-wf/samothrace-pseudonymization/docker/docker-compose.yml,/home/raspberrypi-wf/samothrace-pseudonymization/docker,8ac4027ae9fb3d7caf616facc29a2f912919ff78e18fdce497fb5b780c0ec2b6,ss-node,2.21.0,/system.slice/docker-204bc9c2de1ea01107f5c2af46c9985bf1e271f5cb7835d3a0580e2e410b0216.scope,docker-ss-node,cadvisor:8080,cadvisor,docker-ss-node-1,119123968
1706539550,container_memory_working_set_bytes,56a830a28bcbe6e135519e7976a827201b076c639dd9209d8db5d245d8e914af,1,sha256:e57b7b9b9fc905ac367e9f5003e951cd713a3b04e1c0ab4fe69bb45266d54413,False,docker,/home/raspberrypi-wf/samothrace-pseudonymization/docker/docker-compose.yml,/home/raspberrypi-wf/samothrace-pseudonymization/docker,8ac4027ae9fb3d7caf616facc29a2f912919ff78e18fdce497fb5b780c0ec2b6,ss-node,2.21.0,/system.slice/docker-204bc9c2de1ea01107f5c2af46c9985bf1e271f5cb7835d3a0580e2e410b0216.scope,docker-ss-node,cadvisor:8080,cadvisor,docker-ss-node-1,121200640
1706539551,container_memory_working_set_bytes,56a830a28bcbe6e135519e7976a827201b076c639dd9209d8db5d245d8e914af,1,sha256:e57b7b9b9fc905ac367e9f5003e951cd713a3b04e1c0ab4fe69bb45266d54413,False,docker,/home/raspberrypi-wf/samothrace-pseudonymization/docker/docker-compose.yml,/home/raspberrypi-wf/samothrace-pseudonymization/docker,8ac4027ae9fb3d7caf616facc29a2f912919ff78e18fdce497fb5b780c0ec2b6,ss-node,2.21.0,/system.slice/docker-204bc9c2de1ea01107f5c2af46c9985bf1e271f5cb7835d3a0580e2e410b0216.scope,docker-ss-node,cadvisor:8080,cadvisor,docker-ss-node-1,121200640
1706539552,container_memory_working_set_bytes,56a830a28bcbe6e135519e7976a827201b076c639dd9209d8db5d245d8e914af,1,sha256:e57b7b9b9fc905ac367e9f5003e951cd713a3b04e1c0ab4fe69bb45266d54413,False,docker,/home/raspberrypi-wf/samothrace-pseudonymization/docker/docker-compose.yml,/home/raspberrypi-wf/samothrace-pseudonymization/docker,8ac4027ae9fb3d7caf616facc29a2f912919ff78e18fdce497fb5b780c0ec2b6,ss-node,2.21.0,/system.slice/docker-204bc9c2de1ea01107f5c2af46c9985bf1e271f5cb7835d3a0580e2e410b0216.scope,docker-ss-node,cadvisor:8080,cadvisor,docker-ss-node-1,121200640
1706539553,container_memory_working_set_bytes,56a830a28bcbe6e135519e7976a827201b076c639dd9209d8db5d245d8e914af,1,sha256:e57b7b9b9fc905ac367e9f5003e951cd713a3b04e1c0ab4fe69bb45266d54413,False,docker,/home/raspberrypi-wf/samothrace-pseudonymization/docker/docker-compose.yml,/home/raspberrypi-wf/samothrace-pseudonymization/docker,8ac4027ae9fb3d7caf616facc29a2f912919ff78e18fdce497fb5b780c0ec2b6,ss-node,2.21.0,/system.slice/docker-204bc9c2de1ea01107f5c2af46c9985bf1e271f5cb7835d3a0580e2e410b0216.scope,docker-ss-node,cadvisor:8080,cadvisor,docker-ss-node-1,121200640
1706539554,container_memory_working_set_bytes,56a830a28bcbe6e135519e7976a827201b076c639dd9209d8db5d245d8e914af,1,sha256:e57b7b9b9fc905ac367e9f5003e951cd713a3b04e1c0ab4fe69bb45266d54413,False,docker,/home/raspberrypi-wf/samothrace-pseudonymization/docker/docker-compose.yml,/home/raspberrypi-wf/samothrace-pseudonymization/docker,8ac4027ae9fb3d7caf616facc29a2f912919ff78e18fdce497fb5b780c0ec2b6,ss-node,2.21.0,/system.slice/docker-204bc9c2de1ea01107f5c2af46c9985bf1e271f5cb7835d3a0580e2e410b0216.scope,docker-ss-node,cadvisor:8080,cadvisor,docker-ss-node-1,117846016
1706539555,container_memory_working_set_bytes,56a830a28bcbe6e135519e7976a827201b076c639dd9209d8db5d245d8e914af,1,sha256:e57b7b9b9fc905ac367e9f5003e951cd713a3b04e1c0ab4fe69bb45266d54413,False,docker,/home/raspberrypi-wf/samothrace-pseudonymization/docker/docker-compose.yml,/home/raspberrypi-wf/samothrace-pseudonymization/docker,8ac4027ae9fb3d7caf616facc29a2f912919ff78e18fdce497fb5b780c0ec2b6,ss-node,2.21.0,/system.slice/docker-204bc9c2de1ea01107f5c2af46c9985bf1e271f5cb7835d3a0580e2e410b0216.scope,docker-ss-node,cadvisor:8080,cadvisor,docker-ss-node-1,117846016
1706539556,container_memory_working_set_bytes,56a830a28bcbe6e135519e7976a827201b076c639dd9209d8db5d245d8e914af,1,sha256:e57b7b9b9fc905ac367e9f5003e951cd713a3b04e1c0ab4fe69bb45266d54413,False,docker,/home/raspberrypi-wf/samothrace-pseudonymization/docker/docker-compose.yml,/home/raspberrypi-wf/samothrace-pseudonymization/docker,8ac4027ae9fb3d7caf616facc29a2f912919ff78e18fdce497fb5b780c0ec2b6,ss-node,2.21.0,/system.slice/docker-204bc9c2de1ea01107f5c2af46c9985bf1e271f5cb7835d3a0580e2e410b0216.scope,docker-ss-node,cadvisor:8080,cadvisor,docker-ss-node-1,117846016
1706539557,container_memory_working_set_bytes,56a830a28bcbe6e135519e7976a827201b076c639dd9209d8db5d245d8e914af,1,sha256:e57b7b9b9fc905ac367e9f5003e951cd713a3b04e1c0ab4fe69bb45266d54413,False,docker,/home/raspberrypi-wf/samothrace-pseudonymization/docker/docker-compose.yml,/home/raspberrypi-wf/samothrace-pseudonymization/docker,8ac4027ae9fb3d7caf616facc29a2f912919ff78e18fdce497fb5b780c0ec2b6,ss-node,2.21.0,/system.slice/docker-204bc9c2de1ea01107f5c2af46c9985bf1e271f5cb7835d3a0580e2e410b0216.scope,docker-ss-node,cadvisor:8080,cadvisor,docker-ss-node-1,117846016
1706539558,container_memory_working_set_bytes,56a830a28bcbe6e135519e7976a827201b076c639dd9209d8db5d245d8e914af,1,sha256:e57b7b9b9fc905ac367e9f5003e951cd713a3b04e1c0ab4fe69bb45266d54413,False,docker,/home/raspberrypi-wf/samothrace-pseudonymization/docker/docker-compose.yml,/home/raspberrypi-wf/samothrace-pseudonymization/docker,8ac4027ae9fb3d7caf616facc29a2f912919ff78e18fdce497fb5b780c0ec2b6,ss-node,2.21.0,/system.slice/docker-204bc9c2de1ea01107f5c2af46c9985bf1e271f5cb7835d3a0580e2e410b0216.scope,docker-ss-node,cadvisor:8080,cadvisor,docker-ss-node-1,117846016
1706539559,container_memory_working_set_bytes,56a830a28bcbe6e135519e7976a827201b076c639dd9209d8db5d245d8e914af,1,sha256:e57b7b9b9fc905ac367e9f5003e951cd713a3b04e1c0ab4fe69bb45266d54413,False,docker,/home/raspberrypi-wf/samothrace-pseudonymization/docker/docker-compose.yml,/home/raspberrypi-wf/samothrace-pseudonymization/docker,8ac4027ae9fb3d7caf616facc29a2f912919ff78e18fdce497fb5b780c0ec2b6,ss-node,2.21.0,/system.slice/docker-204bc9c2de1ea01107f5c2af46c9985bf1e271f5cb7835d3a0580e2e410b0216.scope,docker-ss-node,cadvisor:8080,cadvisor,docker-ss-node-1,117846016
1706539560,container_memory_working_set_bytes,56a830a28bcbe6e135519e7976a827201b076c639dd9209d8db5d245d8e914af,1,sha256:e57b7b9b9fc905ac367e9f5003e951cd713a3b04e1c0ab4fe69bb45266d54413,False,docker,/home/raspberrypi-wf/samothrace-pseudonymization/docker/docker-compose.yml,/home/raspberrypi-wf/samothrace-pseudonymization/docker,8ac4027ae9fb3d7caf616facc29a2f912919ff78e18fdce497fb5b780c0ec2b6,ss-node,2.21.0,/system.slice/docker-204bc9c2de1ea01107f5c2af46c9985bf1e271f5cb7835d3a0580e2e410b0216.scope,docker-ss-node,cadvisor:8080,cadvisor,docker-ss-node-1,119214080
1706539561,container_memory_working_set_bytes,56a830a28bcbe6e135519e7976a827201b076c639dd9209d8db5d245d8e914af,1,sha256:e57b7b9b9fc905ac367e9f5003e951cd713a3b04e1c0ab4fe69bb45266d54413,False,docker,/home/raspberrypi-wf/samothrace-pseudonymization/docker/docker-compose.yml,/home/raspberrypi-wf/samothrace-pseudonymization/docker,8ac4027ae9fb3d7caf616facc29a2f912919ff78e18fdce497fb5b780c0ec2b6,ss-node,2.21.0,/system.slice/docker-204bc9c2de1ea01107f5c2af46c9985bf1e271f5cb7835d3a0580e2e410b0216.scope,docker-ss-node,cadvisor:8080,cadvisor,docker-ss-node-1,119214080
1706539562,container_memory_working_set_bytes,56a830a28bcbe6e135519e7976a827201b076c639dd9209d8db5d245d8e914af,1,sha256:e57b7b9b9fc905ac367e9f5003e951cd713a3b04e1c0ab4fe69bb45266d54413,False,docker,/home/raspberrypi-wf/samothrace-pseudonymization/docker/docker-compose.yml,/home/raspberrypi-wf/samothrace-pseudonymization/docker,8ac4027ae9fb3d7caf616facc29a2f912919ff78e18fdce497fb5b780c0ec2b6,ss-node,2.21.0,/system.slice/docker-204bc9c2de1ea01107f5c2af46c9985bf1e271f5cb7835d3a0580e2e410b0216.scope,docker-ss-node,cadvisor:8080,cadvisor,docker-ss-node-1,119214080
1706539563,container_memory_working_set_bytes,56a830a28bcbe6e135519e7976a827201b076c639dd9209d8db5d245d8e914af,1,sha256:e57b7b9b9fc905ac367e9f5003e951cd713a3b04e1c0ab4fe69bb45266d54413,False,docker,/home/raspberrypi-wf/samothrace-pseudonymization/docker/docker-compose.yml,/home/raspberrypi-wf/samothrace-pseudonymization/docker,8ac4027ae9fb3d7caf616facc29a2f912919ff78e18fdce497fb5b780c0ec2b6,ss-node,2.21.0,/system.slice/docker-204bc9c2de1ea01107f5c2af46c9985bf1e271f5cb7835d3a0580e2e410b0216.scope,docker-ss-node,cadvisor:8080,cadvisor,docker-ss-node-1,119214080
1706539564,container_memory_working_set_bytes,56a830a28bcbe6e135519e7976a827201b076c639dd9209d8db5d245d8e914af,1,sha256:e57b7b9b9fc905ac367e9f5003e951cd713a3b04e1c0ab4fe69bb45266d54413,False,docker,/home/raspberrypi-wf/samothrace-pseudonymization/docker/docker-compose.yml,/home/raspberrypi-wf/samothrace-pseudonymization/docker,8ac4027ae9fb3d7caf616facc29a2f912919ff78e18fdce497fb5b780c0ec2b6,ss-node,2.21.0,/system.slice/docker-204bc9c2de1ea01107f5c2af46c9985bf1e271f5cb7835d3a0580e2e410b0216.scope,docker-ss-node,cadvisor:8080,cadvisor,docker-ss-node-1,119214080
1706539565,container_memory_working_set_bytes,56a830a28bcbe6e135519e7976a827201b076c639dd9209d8db5d245d8e914af,1,sha256:e57b7b9b9fc905ac367e9f5003e951cd713a3b04e1c0ab4fe69bb45266d54413,False,docker,/home/raspberrypi-wf/samothrace-pseudonymization/docker/docker-compose.yml,/home/raspberrypi-wf/samothrace-pseudonymization/docker,8ac4027ae9fb3d7caf616facc29a2f912919ff78e18fdce497fb5b780c0ec2b6,ss-node,2.21.0,/system.slice/docker-204bc9c2de1ea01107f5c2af46c9985bf1e271f5cb7835d3a0580e2e410b0216.scope,docker-ss-node,cadvisor:8080,cadvisor,docker-ss-node-1,117964800
1706539566,container_memory_working_set_bytes,56a830a28bcbe6e135519e7976a827201b076c639dd9209d8db5d245d8e914af,1,sha256:e57b7b9b9fc905ac367e9f5003e951cd713a3b04e1c0ab4fe69bb45266d54413,False,docker,/home/raspberrypi-wf/samothrace-pseudonymization/docker/docker-compose.yml,/home/raspberrypi-wf/samothrace-pseudonymization/docker,8ac4027ae9fb3d7caf616facc29a2f912919ff78e18fdce497fb5b780c0ec2b6,ss-node,2.21.0,/system.slice/docker-204bc9c2de1ea01107f5c2af46c9985bf1e271f5cb7835d3a0580e2e410b0216.scope,docker-ss-node,cadvisor:8080,cadvisor,docker-ss-node-1,117964800
1706539567,container_memory_working_set_bytes,56a830a28bcbe6e135519e7976a827201b076c639dd9209d8db5d245d8e914af,1,sha256:e57b7b9b9fc905ac367e9f5003e951cd713a3b04e1c0ab4fe69bb45266d54413,False,docker,/home/raspberrypi-wf/samothrace-pseudonymization/docker/docker-compose.yml,/home/raspberrypi-wf/samothrace-pseudonymization/docker,8ac4027ae9fb3d7caf616facc29a2f912919ff78e18fdce497fb5b780c0ec2b6,ss-node,2.21.0,/system.slice/docker-204bc9c2de1ea01107f5c2af46c9985bf1e271f5cb7835d3a0580e2e410b0216.scope,docker-ss-node,cadvisor:8080,cadvisor,docker-ss-node-1,117964800
1706539568,container_memory_working_set_bytes,56a830a28bcbe6e135519e7976a827201b076c639dd9209d8db5d245d8e914af,1,sha256:e57b7b9b9fc905ac367e9f5003e951cd713a3b04e1c0ab4fe69bb45266d54413,False,docker,/home/raspberrypi-wf/samothrace-pseudonymization/docker/docker-compose.yml,/home/raspberrypi-wf/samothrace-pseudonymization/docker,8ac4027ae9fb3d7caf616facc29a2f912919ff78e18fdce497fb5b780c0ec2b6,ss-node,2.21.0,/system.slice/docker-204bc9c2de1ea01107f5c2af46c9985bf1e271f5cb7835d3a0580e2e410b0216.scope,docker-ss-node,cadvisor:8080,cadvisor,docker-ss-node-1,117964800
1706539569,container_memory_working_set_bytes,56a830a28bcbe6e135519e7976a827201b076c639dd9209d8db5d245d8e914af,1,sha256:e57b7b9b9fc905ac367e9f5003e951cd713a3b04e1c0ab4fe69bb45266d54413,False,docker,/home/raspberrypi-wf/samothrace-pseudonymization/docker/docker-compose.yml,/home/raspberrypi-wf/samothrace-pseudonymization/docker,8ac4027ae9fb3d7caf616facc29a2f912919ff78e18fdce497fb5b780c0ec2b6,ss-node,2.21.0,/system.slice/docker-204bc9c2de1ea01107f5c2af46c9985bf1e271f5cb7835d3a0580e2e410b0216.scope,docker-ss-node,cadvisor:8080,cadvisor,docker-ss-node-1,117964800
1706539570,container_memory_working_set_bytes,56a830a28bcbe6e135519e7976a827201b076c639dd9209d8db5d245d8e914af,1,sha256:e57b7b9b9fc905ac367e9f5003e951cd713a3b04e1c0ab4fe69bb45266d54413,False,docker,/home/raspberrypi-wf/samothrace-pseudonymization/docker/docker-compose.yml,/home/raspberrypi-wf/samothrace-pseudonymization/docker,8ac4027ae9fb3d7caf616facc29a2f912919ff78e18fdce497fb5b780c0ec2b6,ss-node,2.21.0,/system.slice/docker-204bc9c2de1ea01107f5c2af46c9985bf1e271f5cb7835d3a0580e2e410b0216.scope,docker-ss-node,cadvisor:8080,cadvisor,docker-ss-node-1,119242752
1706539571,container_memory_working_set_bytes,56a830a28bcbe6e135519e7976a827201b076c639dd9209d8db5d245d8e914af,1,sha256:e57b7b9b9fc905ac367e9f5003e951cd713a3b04e1c0ab4fe69bb45266d54413,False,docker,/home/raspberrypi-wf/samothrace-pseudonymization/docker/docker-compose.yml,/home/raspberrypi-wf/samothrace-pseudonymization/docker,8ac4027ae9fb3d7caf616facc29a2f912919ff78e18fdce497fb5b780c0ec2b6,ss-node,2.21.0,/system.slice/docker-204bc9c2de1ea01107f5c2af46c9985bf1e271f5cb7835d3a0580e2e410b0216.scope,docker-ss-node,cadvisor:8080,cadvisor,docker-ss-node-1,119242752
1706539572,container_memory_working_set_bytes,56a830a28bcbe6e135519e7976a827201b076c639dd9209d8db5d245d8e914af,1,sha256:e57b7b9b9fc905ac367e9f5003e951cd713a3b04e1c0ab4fe69bb45266d54413,False,docker,/home/raspberrypi-wf/samothrace-pseudonymization/docker/docker-compose.yml,/home/raspberrypi-wf/samothrace-pseudonymization/docker,8ac4027ae9fb3d7caf616facc29a2f912919ff78e18fdce497fb5b780c0ec2b6,ss-node,2.21.0,/system.slice/docker-204bc9c2de1ea01107f5c2af46c9985bf1e271f5cb7835d3a0580e2e410b0216.scope,docker-ss-node,cadvisor:8080,cadvisor,docker-ss-node-1,119242752
1706539573,container_memory_working_set_bytes,56a830a28bcbe6e135519e7976a827201b076c639dd9209d8db5d245d8e914af,1,sha256:e57b7b9b9fc905ac367e9f5003e951cd713a3b04e1c0ab4fe69bb45266d54413,False,docker,/home/raspberrypi-wf/samothrace-pseudonymization/docker/docker-compose.yml,/home/raspberrypi-wf/samothrace-pseudonymization/docker,8ac4027ae9fb3d7caf616facc29a2f912919ff78e18fdce497fb5b780c0ec2b6,ss-node,2.21.0,/system.slice/docker-204bc9c2de1ea01107f5c2af46c9985bf1e271f5cb7835d3a0580e2e410b0216.scope,docker-ss-node,cadvisor:8080,cadvisor,docker-ss-node-1,119242752
1706539574,container_memory_working_set_bytes,56a830a28bcbe6e135519e7976a827201b076c639dd9209d8db5d245d8e914af,1,sha256:e57b7b9b9fc905ac367e9f5003e951cd713a3b04e1c0ab4fe69bb45266d54413,False,docker,/home/raspberrypi-wf/samothrace-pseudonymization/docker/docker-compose.yml,/home/raspberrypi-wf/samothrace-pseudonymization/docker,8ac4027ae9fb3d7caf616facc29a2f912919ff78e18fdce497fb5b780c0ec2b6,ss-node,2.21.0,/system.slice/docker-204bc9c2de1ea01107f5c2af46c9985bf1e271f5cb7835d3a0580e2e410b0216.scope,docker-ss-node,cadvisor:8080,cadvisor,docker-ss-node-1,119242752
1706539575,container_memory_working_set_bytes,56a830a28bcbe6e135519e7976a827201b076c639dd9209d8db5d245d8e914af,1,sha256:e57b7b9b9fc905ac367e9f5003e951cd713a3b04e1c0ab4fe69bb45266d54413,False,docker,/home/raspberrypi-wf/samothrace-pseudonymization/docker/docker-compose.yml,/home/raspberrypi-wf/samothrace-pseudonymization/docker,8ac4027ae9fb3d7caf616facc29a2f912919ff78e18fdce497fb5b780c0ec2b6,ss-node,2.21.0,/system.slice/docker-204bc9c2de1ea01107f5c2af46c9985bf1e271f5cb7835d3a0580e2e410b0216.scope,docker-ss-node,cadvisor:8080,cadvisor,docker-ss-node-1,118018048
1706539576,container_memory_working_set_bytes,56a830a28bcbe6e135519e7976a827201b076c639dd9209d8db5d245d8e914af,1,sha256:e57b7b9b9fc905ac367e9f5003e951cd713a3b04e1c0ab4fe69bb45266d54413,False,docker,/home/raspberrypi-wf/samothrace-pseudonymization/docker/docker-compose.yml,/home/raspberrypi-wf/samothrace-pseudonymization/docker,8ac4027ae9fb3d7caf616facc29a2f912919ff78e18fdce497fb5b780c0ec2b6,ss-node,2.21.0,/system.slice/docker-204bc9c2de1ea01107f5c2af46c9985bf1e271f5cb7835d3a0580e2e410b0216.scope,docker-ss-node,cadvisor:8080,cadvisor,docker-ss-node-1,118018048
1706539577,container_memory_working_set_bytes,56a830a28bcbe6e135519e7976a827201b076c639dd9209d8db5d245d8e914af,1,sha256:e57b7b9b9fc905ac367e9f5003e951cd713a3b04e1c0ab4fe69bb45266d54413,False,docker,/home/raspberrypi-wf/samothrace-pseudonymization/docker/docker-compose.yml,/home/raspberrypi-wf/samothrace-pseudonymization/docker,8ac4027ae9fb3d7caf616facc29a2f912919ff78e18fdce497fb5b780c0ec2b6,ss-node,2.21.0,/system.slice/docker-204bc9c2de1ea01107f5c2af46c9985bf1e271f5cb7835d3a0580e2e410b0216.scope,docker-ss-node,cadvisor:8080,cadvisor,docker-ss-node-1,118018048
1706539578,container_memory_working_set_bytes,56a830a28bcbe6e135519e7976a827201b076c639dd9209d8db5d245d8e914af,1,sha256:e57b7b9b9fc905ac367e9f5003e951cd713a3b04e1c0ab4fe69bb45266d54413,False,docker,/home/raspberrypi-wf/samothrace-pseudonymization/docker/docker-compose.yml,/home/raspberrypi-wf/samothrace-pseudonymization/docker,8ac4027ae9fb3d7caf616facc29a2f912919ff78e18fdce497fb5b780c0ec2b6,ss-node,2.21.0,/system.slice/docker-204bc9c2de1ea01107f5c2af46c9985bf1e271f5cb7835d3a0580e2e410b0216.scope,docker-ss-node,cadvisor:8080,cadvisor,docker-ss-node-1,118018048
1706539579,container_memory_working_set_bytes,56a830a28bcbe6e135519e7976a827201b076c639dd9209d8db5d245d8e914af,1,sha256:e57b7b9b9fc905ac367e9f5003e951cd713a3b04e1c0ab4fe69bb45266d54413,False,docker,/home/raspberrypi-wf/samothrace-pseudonymization/docker/docker-compose.yml,/home/raspberrypi-wf/samothrace-pseudonymization/docker,8ac4027ae9fb3d7caf616facc29a2f912919ff78e18fdce497fb5b780c0ec2b6,ss-node,2.21.0,/system.slice/docker-204bc9c2de1ea01107f5c2af46c9985bf1e271f5cb7835d3a0580e2e410b0216.scope,docker-ss-node,cadvisor:8080,cadvisor,docker-ss-node-1,117415936
1706539580,container_memory_working_set_bytes,56a830a28bcbe6e135519e7976a827201b076c639dd9209d8db5d245d8e914af,1,sha256:e57b7b9b9fc905ac367e9f5003e951cd713a3b04e1c0ab4fe69bb45266d54413,False,docker,/home/raspberrypi-wf/samothrace-pseudonymization/docker/docker-compose.yml,/home/raspberrypi-wf/samothrace-pseudonymization/docker,8ac4027ae9fb3d7caf616facc29a2f912919ff78e18fdce497fb5b780c0ec2b6,ss-node,2.21.0,/system.slice/docker-204bc9c2de1ea01107f5c2af46c9985bf1e271f5cb7835d3a0580e2e410b0216.scope,docker-ss-node,cadvisor:8080,cadvisor,docker-ss-node-1,117415936
1706539581,container_memory_working_set_bytes,56a830a28bcbe6e135519e7976a827201b076c639dd9209d8db5d245d8e914af,1,sha256:e57b7b9b9fc905ac367e9f5003e951cd713a3b04e1c0ab4fe69bb45266d54413,False,docker,/home/raspberrypi-wf/samothrace-pseudonymization/docker/docker-compose.yml,/home/raspberrypi-wf/samothrace-pseudonymization/docker,8ac4027ae9fb3d7caf616facc29a2f912919ff78e18fdce497fb5b780c0ec2b6,ss-node,2.21.0,/system.slice/docker-204bc9c2de1ea01107f5c2af46c9985bf1e271f5cb7835d3a0580e2e410b0216.scope,docker-ss-node,cadvisor:8080,cadvisor,docker-ss-node-1,117415936
1706539582,container_memory_working_set_bytes,56a830a28bcbe6e135519e7976a827201b076c639dd9209d8db5d245d8e914af,1,sha256:e57b7b9b9fc905ac367e9f5003e951cd713a3b04e1c0ab4fe69bb45266d54413,False,docker,/home/raspberrypi-wf/samothrace-pseudonymization/docker/docker-compose.yml,/home/raspberrypi-wf/samothrace-pseudonymization/docker,8ac4027ae9fb3d7caf616facc29a2f912919ff78e18fdce497fb5b780c0ec2b6,ss-node,2.21.0,/system.slice/docker-204bc9c2de1ea01107f5c2af46c9985bf1e271f5cb7835d3a0580e2e410b0216.scope,docker-ss-node,cadvisor:8080,cadvisor,docker-ss-node-1,117415936
1706539583,container_memory_working_set_bytes,56a830a28bcbe6e135519e7976a827201b076c639dd9209d8db5d245d8e914af,1,sha256:e57b7b9b9fc905ac367e9f5003e951cd713a3b04e1c0ab4fe69bb45266d54413,False,docker,/home/raspberrypi-wf/samothrace-pseudonymization/docker/docker-compose.yml,/home/raspberrypi-wf/samothrace-pseudonymization/docker,8ac4027ae9fb3d7caf616facc29a2f912919ff78e18fdce497fb5b780c0ec2b6,ss-node,2.21.0,/system.slice/docker-204bc9c2de1ea01107f5c2af46c9985bf1e271f5cb7835d3a0580e2e410b0216.scope,docker-ss-node,cadvisor:8080,cadvisor,docker-ss-node-1,117415936
1706539584,container_memory_working_set_bytes,56a830a28bcbe6e135519e7976a827201b076c639dd9209d8db5d245d8e914af,1,sha256:e57b7b9b9fc905ac367e9f5003e951cd713a3b04e1c0ab4fe69bb45266d54413,False,docker,/home/raspberrypi-wf/samothrace-pseudonymization/docker/docker-compose.yml,/home/raspberrypi-wf/samothrace-pseudonymization/docker,8ac4027ae9fb3d7caf616facc29a2f912919ff78e18fdce497fb5b780c0ec2b6,ss-node,2.21.0,/system.slice/docker-204bc9c2de1ea01107f5c2af46c9985bf1e271f5cb7835d3a0580e2e410b0216.scope,docker-ss-node,cadvisor:8080,cadvisor,docker-ss-node-1,118812672
1706539585,container_memory_working_set_bytes,56a830a28bcbe6e135519e7976a827201b076c639dd9209d8db5d245d8e914af,1,sha256:e57b7b9b9fc905ac367e9f5003e951cd713a3b04e1c0ab4fe69bb45266d54413,False,docker,/home/raspberrypi-wf/samothrace-pseudonymization/docker/docker-compose.yml,/home/raspberrypi-wf/samothrace-pseudonymization/docker,8ac4027ae9fb3d7caf616facc29a2f912919ff78e18fdce497fb5b780c0ec2b6,ss-node,2.21.0,/system.slice/docker-204bc9c2de1ea01107f5c2af46c9985bf1e271f5cb7835d3a0580e2e410b0216.scope,docker-ss-node,cadvisor:8080,cadvisor,docker-ss-node-1,118812672
1706539586,container_memory_working_set_bytes,56a830a28bcbe6e135519e7976a827201b076c639dd9209d8db5d245d8e914af,1,sha256:e57b7b9b9fc905ac367e9f5003e951cd713a3b04e1c0ab4fe69bb45266d54413,False,docker,/home/raspberrypi-wf/samothrace-pseudonymization/docker/docker-compose.yml,/home/raspberrypi-wf/samothrace-pseudonymization/docker,8ac4027ae9fb3d7caf616facc29a2f912919ff78e18fdce497fb5b780c0ec2b6,ss-node,2.21.0,/system.slice/docker-204bc9c2de1ea01107f5c2af46c9985bf1e271f5cb7835d3a0580e2e410b0216.scope,docker-ss-node,cadvisor:8080,cadvisor,docker-ss-node-1,118812672
1706539587,container_memory_working_set_bytes,56a830a28bcbe6e135519e7976a827201b076c639dd9209d8db5d245d8e914af,1,sha256:e57b7b9b9fc905ac367e9f5003e951cd713a3b04e1c0ab4fe69bb45266d54413,False,docker,/home/raspberrypi-wf/samothrace-pseudonymization/docker/docker-compose.yml,/home/raspberrypi-wf/samothrace-pseudonymization/docker,8ac4027ae9fb3d7caf616facc29a2f912919ff78e18fdce497fb5b780c0ec2b6,ss-node,2.21.0,/system.slice/docker-204bc9c2de1ea01107f5c2af46c9985bf1e271f5cb7835d3a0580e2e410b0216.scope,docker-ss-node,cadvisor:8080,cadvisor,docker-ss-node-1,118812672
1706539588,container_memory_working_set_bytes,56a830a28bcbe6e135519e7976a827201b076c639dd9209d8db5d245d8e914af,1,sha256:e57b7b9b9fc905ac367e9f5003e951cd713a3b04e1c0ab4fe69bb45266d54413,False,docker,/home/raspberrypi-wf/samothrace-pseudonymization/docker/docker-compose.yml,/home/raspberrypi-wf/samothrace-pseudonymization/docker,8ac4027ae9fb3d7caf616facc29a2f912919ff78e18fdce497fb5b780c0ec2b6,ss-node,2.21.0,/system.slice/docker-204bc9c2de1ea01107f5c2af46c9985bf1e271f5cb7835d3a0580e2e410b0216.scope,docker-ss-node,cadvisor:8080,cadvisor,docker-ss-node-1,118812672
1706539589,container_memory_working_set_bytes,56a830a28bcbe6e135519e7976a827201b076c639dd9209d8db5d245d8e914af,1,sha256:e57b7b9b9fc905ac367e9f5003e951cd713a3b04e1c0ab4fe69bb45266d54413,False,docker,/home/raspberrypi-wf/samothrace-pseudonymization/docker/docker-compose.yml,/home/raspberrypi-wf/samothrace-pseudonymization/docker,8ac4027ae9fb3d7caf616facc29a2f912919ff78e18fdce497fb5b780c0ec2b6,ss-node,2.21.0,/system.slice/docker-204bc9c2de1ea01107f5c2af46c9985bf1e271f5cb7835d3a0580e2e410b0216.scope,docker-ss-node,cadvisor:8080,cadvisor,docker-ss-node-1,118812672
1706539590,container_memory_working_set_bytes,56a830a28bcbe6e135519e7976a827201b076c639dd9209d8db5d245d8e914af,1,sha256:e57b7b9b9fc905ac367e9f5003e951cd713a3b04e1c0ab4fe69bb45266d54413,False,docker,/home/raspberrypi-wf/samothrace-pseudonymization/docker/docker-compose.yml,/home/raspberrypi-wf/samothrace-pseudonymization/docker,8ac4027ae9fb3d7caf616facc29a2f912919ff78e18fdce497fb5b780c0ec2b6,ss-node,2.21.0,/system.slice/docker-204bc9c2de1ea01107f5c2af46c9985bf1e271f5cb7835d3a0580e2e410b0216.scope,docker-ss-node,cadvisor:8080,cadvisor,docker-ss-node-1,119013376
1706539591,container_memory_working_set_bytes,56a830a28bcbe6e135519e7976a827201b076c639dd9209d8db5d245d8e914af,1,sha256:e57b7b9b9fc905ac367e9f5003e951cd713a3b04e1c0ab4fe69bb45266d54413,False,docker,/home/raspberrypi-wf/samothrace-pseudonymization/docker/docker-compose.yml,/home/raspberrypi-wf/samothrace-pseudonymization/docker,8ac4027ae9fb3d7caf616facc29a2f912919ff78e18fdce497fb5b780c0ec2b6,ss-node,2.21.0,/system.slice/docker-204bc9c2de1ea01107f5c2af46c9985bf1e271f5cb7835d3a0580e2e410b0216.scope,docker-ss-node,cadvisor:8080,cadvisor,docker-ss-node-1,119013376
1706539592,container_memory_working_set_bytes,56a830a28bcbe6e135519e7976a827201b076c639dd9209d8db5d245d8e914af,1,sha256:e57b7b9b9fc905ac367e9f5003e951cd713a3b04e1c0ab4fe69bb45266d54413,False,docker,/home/raspberrypi-wf/samothrace-pseudonymization/docker/docker-compose.yml,/home/raspberrypi-wf/samothrace-pseudonymization/docker,8ac4027ae9fb3d7caf616facc29a2f912919ff78e18fdce497fb5b780c0ec2b6,ss-node,2.21.0,/system.slice/docker-204bc9c2de1ea01107f5c2af46c9985bf1e271f5cb7835d3a0580e2e410b0216.scope,docker-ss-node,cadvisor:8080,cadvisor,docker-ss-node-1,119013376
1706539593,container_memory_working_set_bytes,56a830a28bcbe6e135519e7976a827201b076c639dd9209d8db5d245d8e914af,1,sha256:e57b7b9b9fc905ac367e9f5003e951cd713a3b04e1c0ab4fe69bb45266d54413,False,docker,/home/raspberrypi-wf/samothrace-pseudonymization/docker/docker-compose.yml,/home/raspberrypi-wf/samothrace-pseudonymization/docker,8ac4027ae9fb3d7caf616facc29a2f912919ff78e18fdce497fb5b780c0ec2b6,ss-node,2.21.0,/system.slice/docker-204bc9c2de1ea01107f5c2af46c9985bf1e271f5cb7835d3a0580e2e410b0216.scope,docker-ss-node,cadvisor:8080,cadvisor,docker-ss-node-1,119013376
1706539594,container_memory_working_set_bytes,56a830a28bcbe6e135519e7976a827201b076c639dd9209d8db5d245d8e914af,1,sha256:e57b7b9b9fc905ac367e9f5003e951cd713a3b04e1c0ab4fe69bb45266d54413,False,docker,/home/raspberrypi-wf/samothrace-pseudonymization/docker/docker-compose.yml,/home/raspberrypi-wf/samothrace-pseudonymization/docker,8ac4027ae9fb3d7caf616facc29a2f912919ff78e18fdce497fb5b780c0ec2b6,ss-node,2.21.0,/system.slice/docker-204bc9c2de1ea01107f5c2af46c9985bf1e271f5cb7835d3a0580e2e410b0216.scope,docker-ss-node,cadvisor:8080,cadvisor,docker-ss-node-1,118833152
1706539595,container_memory_working_set_bytes,56a830a28bcbe6e135519e7976a827201b076c639dd9209d8db5d245d8e914af,1,sha256:e57b7b9b9fc905ac367e9f5003e951cd713a3b04e1c0ab4fe69bb45266d54413,False,docker,/home/raspberrypi-wf/samothrace-pseudonymization/docker/docker-compose.yml,/home/raspberrypi-wf/samothrace-pseudonymization/docker,8ac4027ae9fb3d7caf616facc29a2f912919ff78e18fdce497fb5b780c0ec2b6,ss-node,2.21.0,/system.slice/docker-204bc9c2de1ea01107f5c2af46c9985bf1e271f5cb7835d3a0580e2e410b0216.scope,docker-ss-node,cadvisor:8080,cadvisor,docker-ss-node-1,118833152
1706539596,container_memory_working_set_bytes,56a830a28bcbe6e135519e7976a827201b076c639dd9209d8db5d245d8e914af,1,sha256:e57b7b9b9fc905ac367e9f5003e951cd713a3b04e1c0ab4fe69bb45266d54413,False,docker,/home/raspberrypi-wf/samothrace-pseudonymization/docker/docker-compose.yml,/home/raspberrypi-wf/samothrace-pseudonymization/docker,8ac4027ae9fb3d7caf616facc29a2f912919ff78e18fdce497fb5b780c0ec2b6,ss-node,2.21.0,/system.slice/docker-204bc9c2de1ea01107f5c2af46c9985bf1e271f5cb7835d3a0580e2e410b0216.scope,docker-ss-node,cadvisor:8080,cadvisor,docker-ss-node-1,118833152
1706539597,container_memory_working_set_bytes,56a830a28bcbe6e135519e7976a827201b076c639dd9209d8db5d245d8e914af,1,sha256:e57b7b9b9fc905ac367e9f5003e951cd713a3b04e1c0ab4fe69bb45266d54413,False,docker,/home/raspberrypi-wf/samothrace-pseudonymization/docker/docker-compose.yml,/home/raspberrypi-wf/samothrace-pseudonymization/docker,8ac4027ae9fb3d7caf616facc29a2f912919ff78e18fdce497fb5b780c0ec2b6,ss-node,2.21.0,/system.slice/docker-204bc9c2de1ea01107f5c2af46c9985bf1e271f5cb7835d3a0580e2e410b0216.scope,docker-ss-node,cadvisor:8080,cadvisor,docker-ss-node-1,118833152
1706539598,container_memory_working_set_bytes,56a830a28bcbe6e135519e7976a827201b076c639dd9209d8db5d245d8e914af,1,sha256:e57b7b9b9fc905ac367e9f5003e951cd713a3b04e1c0ab4fe69bb45266d54413,False,docker,/home/raspberrypi-wf/samothrace-pseudonymization/docker/docker-compose.yml,/home/raspberrypi-wf/samothrace-pseudonymization/docker,8ac4027ae9fb3d7caf616facc29a2f912919ff78e18fdce497fb5b780c0ec2b6,ss-node,2.21.0,/system.slice/docker-204bc9c2de1ea01107f5c2af46c9985bf1e271f5cb7835d3a0580e2e410b0216.scope,docker-ss-node,cadvisor:8080,cadvisor,docker-ss-node-1,118833152
1706539599,container_memory_working_set_bytes,56a830a28bcbe6e135519e7976a827201b076c639dd9209d8db5d245d8e914af,1,sha256:e57b7b9b9fc905ac367e9f5003e951cd713a3b04e1c0ab4fe69bb45266d54413,False,docker,/home/raspberrypi-wf/samothrace-pseudonymization/docker/docker-compose.yml,/home/raspberrypi-wf/samothrace-pseudonymization/docker,8ac4027ae9fb3d7caf616facc29a2f912919ff78e18fdce497fb5b780c0ec2b6,ss-node,2.21.0,/system.slice/docker-204bc9c2de1ea01107f5c2af46c9985bf1e271f5cb7835d3a0580e2e410b0216.scope,docker-ss-node,cadvisor:8080,cadvisor,docker-ss-node-1,117657600
1706539600,container_memory_working_set_bytes,56a830a28bcbe6e135519e7976a827201b076c639dd9209d8db5d245d8e914af,1,sha256:e57b7b9b9fc905ac367e9f5003e951cd713a3b04e1c0ab4fe69bb45266d54413,False,docker,/home/raspberrypi-wf/samothrace-pseudonymization/docker/docker-compose.yml,/home/raspberrypi-wf/samothrace-pseudonymization/docker,8ac4027ae9fb3d7caf616facc29a2f912919ff78e18fdce497fb5b780c0ec2b6,ss-node,2.21.0,/system.slice/docker-204bc9c2de1ea01107f5c2af46c9985bf1e271f5cb7835d3a0580e2e410b0216.scope,docker-ss-node,cadvisor:8080,cadvisor,docker-ss-node-1,117657600
1706539601,container_memory_working_set_bytes,56a830a28bcbe6e135519e7976a827201b076c639dd9209d8db5d245d8e914af,1,sha256:e57b7b9b9fc905ac367e9f5003e951cd713a3b04e1c0ab4fe69bb45266d54413,False,docker,/home/raspberrypi-wf/samothrace-pseudonymization/docker/docker-compose.yml,/home/raspberrypi-wf/samothrace-pseudonymization/docker,8ac4027ae9fb3d7caf616facc29a2f912919ff78e18fdce497fb5b780c0ec2b6,ss-node,2.21.0,/system.slice/docker-204bc9c2de1ea01107f5c2af46c9985bf1e271f5cb7835d3a0580e2e410b0216.scope,docker-ss-node,cadvisor:8080,cadvisor,docker-ss-node-1,117657600
1706539602,container_memory_working_set_bytes,56a830a28bcbe6e135519e7976a827201b076c639dd9209d8db5d245d8e914af,1,sha256:e57b7b9b9fc905ac367e9f5003e951cd713a3b04e1c0ab4fe69bb45266d54413,False,docker,/home/raspberrypi-wf/samothrace-pseudonymization/docker/docker-compose.yml,/home/raspberrypi-wf/samothrace-pseudonymization/docker,8ac4027ae9fb3d7caf616facc29a2f912919ff78e18fdce497fb5b780c0ec2b6,ss-node,2.21.0,/system.slice/docker-204bc9c2de1ea01107f5c2af46c9985bf1e271f5cb7835d3a0580e2e410b0216.scope,docker-ss-node,cadvisor:8080,cadvisor,docker-ss-node-1,117657600
1706539603,container_memory_working_set_bytes,56a830a28bcbe6e135519e7976a827201b076c639dd9209d8db5d245d8e914af,1,sha256:e57b7b9b9fc905ac367e9f5003e951cd713a3b04e1c0ab4fe69bb45266d54413,False,docker,/home/raspberrypi-wf/samothrace-pseudonymization/docker/docker-compose.yml,/home/raspberrypi-wf/samothrace-pseudonymization/docker,8ac4027ae9fb3d7caf616facc29a2f912919ff78e18fdce497fb5b780c0ec2b6,ss-node,2.21.0,/system.slice/docker-204bc9c2de1ea01107f5c2af46c9985bf1e271f5cb7835d3a0580e2e410b0216.scope,docker-ss-node,cadvisor:8080,cadvisor,docker-ss-node-1,117657600
1706539604,container_memory_working_set_bytes,56a830a28bcbe6e135519e7976a827201b076c639dd9209d8db5d245d8e914af,1,sha256:e57b7b9b9fc905ac367e9f5003e951cd713a3b04e1c0ab4fe69bb45266d54413,False,docker,/home/raspberrypi-wf/samothrace-pseudonymization/docker/docker-compose.yml,/home/raspberrypi-wf/samothrace-pseudonymization/docker,8ac4027ae9fb3d7caf616facc29a2f912919ff78e18fdce497fb5b780c0ec2b6,ss-node,2.21.0,/system.slice/docker-204bc9c2de1ea01107f5c2af46c9985bf1e271f5cb7835d3a0580e2e410b0216.scope,docker-ss-node,cadvisor:8080,cadvisor,docker-ss-node-1,119005184
1706539605,container_memory_working_set_bytes,56a830a28bcbe6e135519e7976a827201b076c639dd9209d8db5d245d8e914af,1,sha256:e57b7b9b9fc905ac367e9f5003e951cd713a3b04e1c0ab4fe69bb45266d54413,False,docker,/home/raspberrypi-wf/samothrace-pseudonymization/docker/docker-compose.yml,/home/raspberrypi-wf/samothrace-pseudonymization/docker,8ac4027ae9fb3d7caf616facc29a2f912919ff78e18fdce497fb5b780c0ec2b6,ss-node,2.21.0,/system.slice/docker-204bc9c2de1ea01107f5c2af46c9985bf1e271f5cb7835d3a0580e2e410b0216.scope,docker-ss-node,cadvisor:8080,cadvisor,docker-ss-node-1,119005184
1706539606,container_memory_working_set_bytes,56a830a28bcbe6e135519e7976a827201b076c639dd9209d8db5d245d8e914af,1,sha256:e57b7b9b9fc905ac367e9f5003e951cd713a3b04e1c0ab4fe69bb45266d54413,False,docker,/home/raspberrypi-wf/samothrace-pseudonymization/docker/docker-compose.yml,/home/raspberrypi-wf/samothrace-pseudonymization/docker,8ac4027ae9fb3d7caf616facc29a2f912919ff78e18fdce497fb5b780c0ec2b6,ss-node,2.21.0,/system.slice/docker-204bc9c2de1ea01107f5c2af46c9985bf1e271f5cb7835d3a0580e2e410b0216.scope,docker-ss-node,cadvisor:8080,cadvisor,docker-ss-node-1,119005184
1706539607,container_memory_working_set_bytes,56a830a28bcbe6e135519e7976a827201b076c639dd9209d8db5d245d8e914af,1,sha256:e57b7b9b9fc905ac367e9f5003e951cd713a3b04e1c0ab4fe69bb45266d54413,False,docker,/home/raspberrypi-wf/samothrace-pseudonymization/docker/docker-compose.yml,/home/raspberrypi-wf/samothrace-pseudonymization/docker,8ac4027ae9fb3d7caf616facc29a2f912919ff78e18fdce497fb5b780c0ec2b6,ss-node,2.21.0,/system.slice/docker-204bc9c2de1ea01107f5c2af46c9985bf1e271f5cb7835d3a0580e2e410b0216.scope,docker-ss-node,cadvisor:8080,cadvisor,docker-ss-node-1,119005184
1706539608,container_memory_working_set_bytes,56a830a28bcbe6e135519e7976a827201b076c639dd9209d8db5d245d8e914af,1,sha256:e57b7b9b9fc905ac367e9f5003e951cd713a3b04e1c0ab4fe69bb45266d54413,False,docker,/home/raspberrypi-wf/samothrace-pseudonymization/docker/docker-compose.yml,/home/raspberrypi-wf/samothrace-pseudonymization/docker,8ac4027ae9fb3d7caf616facc29a2f912919ff78e18fdce497fb5b780c0ec2b6,ss-node,2.21.0,/system.slice/docker-204bc9c2de1ea01107f5c2af46c9985bf1e271f5cb7835d3a0580e2e410b0216.scope,docker-ss-node,cadvisor:8080,cadvisor,docker-ss-node-1,119005184
1706539609,container_memory_working_set_bytes,56a830a28bcbe6e135519e7976a827201b076c639dd9209d8db5d245d8e914af,1,sha256:e57b7b9b9fc905ac367e9f5003e951cd713a3b04e1c0ab4fe69bb45266d54413,False,docker,/home/raspberrypi-wf/samothrace-pseudonymization/docker/docker-compose.yml,/home/raspberrypi-wf/samothrace-pseudonymization/docker,8ac4027ae9fb3d7caf616facc29a2f912919ff78e18fdce497fb5b780c0ec2b6,ss-node,2.21.0,/system.slice/docker-204bc9c2de1ea01107f5c2af46c9985bf1e271f5cb7835d3a0580e2e410b0216.scope,docker-ss-node,cadvisor:8080,cadvisor,docker-ss-node-1,119005184
1706539610,container_memory_working_set_bytes,56a830a28bcbe6e135519e7976a827201b076c639dd9209d8db5d245d8e914af,1,sha256:e57b7b9b9fc905ac367e9f5003e951cd713a3b04e1c0ab4fe69bb45266d54413,False,docker,/home/raspberrypi-wf/samothrace-pseudonymization/docker/docker-compose.yml,/home/raspberrypi-wf/samothrace-pseudonymization/docker,8ac4027ae9fb3d7caf616facc29a2f912919ff78e18fdce497fb5b780c0ec2b6,ss-node,2.21.0,/system.slice/docker-204bc9c2de1ea01107f5c2af46c9985bf1e271f5cb7835d3a0580e2e410b0216.scope,docker-ss-node,cadvisor:8080,cadvisor,docker-ss-node-1,117637120
1706539611,container_memory_working_set_bytes,56a830a28bcbe6e135519e7976a827201b076c639dd9209d8db5d245d8e914af,1,sha256:e57b7b9b9fc905ac367e9f5003e951cd713a3b04e1c0ab4fe69bb45266d54413,False,docker,/home/raspberrypi-wf/samothrace-pseudonymization/docker/docker-compose.yml,/home/raspberrypi-wf/samothrace-pseudonymization/docker,8ac4027ae9fb3d7caf616facc29a2f912919ff78e18fdce497fb5b780c0ec2b6,ss-node,2.21.0,/system.slice/docker-204bc9c2de1ea01107f5c2af46c9985bf1e271f5cb7835d3a0580e2e410b0216.scope,docker-ss-node,cadvisor:8080,cadvisor,docker-ss-node-1,117637120
1706539612,container_memory_working_set_bytes,56a830a28bcbe6e135519e7976a827201b076c639dd9209d8db5d245d8e914af,1,sha256:e57b7b9b9fc905ac367e9f5003e951cd713a3b04e1c0ab4fe69bb45266d54413,False,docker,/home/raspberrypi-wf/samothrace-pseudonymization/docker/docker-compose.yml,/home/raspberrypi-wf/samothrace-pseudonymization/docker,8ac4027ae9fb3d7caf616facc29a2f912919ff78e18fdce497fb5b780c0ec2b6,ss-node,2.21.0,/system.slice/docker-204bc9c2de1ea01107f5c2af46c9985bf1e271f5cb7835d3a0580e2e410b0216.scope,docker-ss-node,cadvisor:8080,cadvisor,docker-ss-node-1,117637120
1706539613,container_memory_working_set_bytes,56a830a28bcbe6e135519e7976a827201b076c639dd9209d8db5d245d8e914af,1,sha256:e57b7b9b9fc905ac367e9f5003e951cd713a3b04e1c0ab4fe69bb45266d54413,False,docker,/home/raspberrypi-wf/samothrace-pseudonymization/docker/docker-compose.yml,/home/raspberrypi-wf/samothrace-pseudonymization/docker,8ac4027ae9fb3d7caf616facc29a2f912919ff78e18fdce497fb5b780c0ec2b6,ss-node,2.21.0,/system.slice/docker-204bc9c2de1ea01107f5c2af46c9985bf1e271f5cb7835d3a0580e2e410b0216.scope,docker-ss-node,cadvisor:8080,cadvisor,docker-ss-node-1,117637120
1706539614,container_memory_working_set_bytes,56a830a28bcbe6e135519e7976a827201b076c639dd9209d8db5d245d8e914af,1,sha256:e57b7b9b9fc905ac367e9f5003e951cd713a3b04e1c0ab4fe69bb45266d54413,False,docker,/home/raspberrypi-wf/samothrace-pseudonymization/docker/docker-compose.yml,/home/raspberrypi-wf/samothrace-pseudonymization/docker,8ac4027ae9fb3d7caf616facc29a2f912919ff78e18fdce497fb5b780c0ec2b6,ss-node,2.21.0,/system.slice/docker-204bc9c2de1ea01107f5c2af46c9985bf1e271f5cb7835d3a0580e2e410b0216.scope,docker-ss-node,cadvisor:8080,cadvisor,docker-ss-node-1,117637120
1706539615,container_memory_working_set_bytes,56a830a28bcbe6e135519e7976a827201b076c639dd9209d8db5d245d8e914af,1,sha256:e57b7b9b9fc905ac367e9f5003e951cd713a3b04e1c0ab4fe69bb45266d54413,False,docker,/home/raspberrypi-wf/samothrace-pseudonymization/docker/docker-compose.yml,/home/raspberrypi-wf/samothrace-pseudonymization/docker,8ac4027ae9fb3d7caf616facc29a2f912919ff78e18fdce497fb5b780c0ec2b6,ss-node,2.21.0,/system.slice/docker-204bc9c2de1ea01107f5c2af46c9985bf1e271f5cb7835d3a0580e2e410b0216.scope,docker-ss-node,cadvisor:8080,cadvisor,docker-ss-node-1,119283712
1706539616,container_memory_working_set_bytes,56a830a28bcbe6e135519e7976a827201b076c639dd9209d8db5d245d8e914af,1,sha256:e57b7b9b9fc905ac367e9f5003e951cd713a3b04e1c0ab4fe69bb45266d54413,False,docker,/home/raspberrypi-wf/samothrace-pseudonymization/docker/docker-compose.yml,/home/raspberrypi-wf/samothrace-pseudonymization/docker,8ac4027ae9fb3d7caf616facc29a2f912919ff78e18fdce497fb5b780c0ec2b6,ss-node,2.21.0,/system.slice/docker-204bc9c2de1ea01107f5c2af46c9985bf1e271f5cb7835d3a0580e2e410b0216.scope,docker-ss-node,cadvisor:8080,cadvisor,docker-ss-node-1,119283712
1706539617,container_memory_working_set_bytes,56a830a28bcbe6e135519e7976a827201b076c639dd9209d8db5d245d8e914af,1,sha256:e57b7b9b9fc905ac367e9f5003e951cd713a3b04e1c0ab4fe69bb45266d54413,False,docker,/home/raspberrypi-wf/samothrace-pseudonymization/docker/docker-compose.yml,/home/raspberrypi-wf/samothrace-pseudonymization/docker,8ac4027ae9fb3d7caf616facc29a2f912919ff78e18fdce497fb5b780c0ec2b6,ss-node,2.21.0,/system.slice/docker-204bc9c2de1ea01107f5c2af46c9985bf1e271f5cb7835d3a0580e2e410b0216.scope,docker-ss-node,cadvisor:8080,cadvisor,docker-ss-node-1,119283712
1706539618,container_memory_working_set_bytes,56a830a28bcbe6e135519e7976a827201b076c639dd9209d8db5d245d8e914af,1,sha256:e57b7b9b9fc905ac367e9f5003e951cd713a3b04e1c0ab4fe69bb45266d54413,False,docker,/home/raspberrypi-wf/samothrace-pseudonymization/docker/docker-compose.yml,/home/raspberrypi-wf/samothrace-pseudonymization/docker,8ac4027ae9fb3d7caf616facc29a2f912919ff78e18fdce497fb5b780c0ec2b6,ss-node,2.21.0,/system.slice/docker-204bc9c2de1ea01107f5c2af46c9985bf1e271f5cb7835d3a0580e2e410b0216.scope,docker-ss-node,cadvisor:8080,cadvisor,docker-ss-node-1,119283712
1706539619,container_memory_working_set_bytes,56a830a28bcbe6e135519e7976a827201b076c639dd9209d8db5d245d8e914af,1,sha256:e57b7b9b9fc905ac367e9f5003e951cd713a3b04e1c0ab4fe69bb45266d54413,False,docker,/home/raspberrypi-wf/samothrace-pseudonymization/docker/docker-compose.yml,/home/raspberrypi-wf/samothrace-pseudonymization/docker,8ac4027ae9fb3d7caf616facc29a2f912919ff78e18fdce497fb5b780c0ec2b6,ss-node,2.21.0,/system.slice/docker-204bc9c2de1ea01107f5c2af46c9985bf1e271f5cb7835d3a0580e2e410b0216.scope,docker-ss-node,cadvisor:8080,cadvisor,docker-ss-node-1,119283712
1706539620,container_memory_working_set_bytes,56a830a28bcbe6e135519e7976a827201b076c639dd9209d8db5d245d8e914af,1,sha256:e57b7b9b9fc905ac367e9f5003e951cd713a3b04e1c0ab4fe69bb45266d54413,False,docker,/home/raspberrypi-wf/samothrace-pseudonymization/docker/docker-compose.yml,/home/raspberrypi-wf/samothrace-pseudonymization/docker,8ac4027ae9fb3d7caf616facc29a2f912919ff78e18fdce497fb5b780c0ec2b6,ss-node,2.21.0,/system.slice/docker-204bc9c2de1ea01107f5c2af46c9985bf1e271f5cb7835d3a0580e2e410b0216.scope,docker-ss-node,cadvisor:8080,cadvisor,docker-ss-node-1,119545856
1706539621,container_memory_working_set_bytes,56a830a28bcbe6e135519e7976a827201b076c639dd9209d8db5d245d8e914af,1,sha256:e57b7b9b9fc905ac367e9f5003e951cd713a3b04e1c0ab4fe69bb45266d54413,False,docker,/home/raspberrypi-wf/samothrace-pseudonymization/docker/docker-compose.yml,/home/raspberrypi-wf/samothrace-pseudonymization/docker,8ac4027ae9fb3d7caf616facc29a2f912919ff78e18fdce497fb5b780c0ec2b6,ss-node,2.21.0,/system.slice/docker-204bc9c2de1ea01107f5c2af46c9985bf1e271f5cb7835d3a0580e2e410b0216.scope,docker-ss-node,cadvisor:8080,cadvisor,docker-ss-node-1,119545856
1706539622,container_memory_working_set_bytes,56a830a28bcbe6e135519e7976a827201b076c639dd9209d8db5d245d8e914af,1,sha256:e57b7b9b9fc905ac367e9f5003e951cd713a3b04e1c0ab4fe69bb45266d54413,False,docker,/home/raspberrypi-wf/samothrace-pseudonymization/docker/docker-compose.yml,/home/raspberrypi-wf/samothrace-pseudonymization/docker,8ac4027ae9fb3d7caf616facc29a2f912919ff78e18fdce497fb5b780c0ec2b6,ss-node,2.21.0,/system.slice/docker-204bc9c2de1ea01107f5c2af46c9985bf1e271f5cb7835d3a0580e2e410b0216.scope,docker-ss-node,cadvisor:8080,cadvisor,docker-ss-node-1,119545856
1706539623,container_memory_working_set_bytes,56a830a28bcbe6e135519e7976a827201b076c639dd9209d8db5d245d8e914af,1,sha256:e57b7b9b9fc905ac367e9f5003e951cd713a3b04e1c0ab4fe69bb45266d54413,False,docker,/home/raspberrypi-wf/samothrace-pseudonymization/docker/docker-compose.yml,/home/raspberrypi-wf/samothrace-pseudonymization/docker,8ac4027ae9fb3d7caf616facc29a2f912919ff78e18fdce497fb5b780c0ec2b6,ss-node,2.21.0,/system.slice/docker-204bc9c2de1ea01107f5c2af46c9985bf1e271f5cb7835d3a0580e2e410b0216.scope,docker-ss-node,cadvisor:8080,cadvisor,docker-ss-node-1,119545856
1706539624,container_memory_working_set_bytes,56a830a28bcbe6e135519e7976a827201b076c639dd9209d8db5d245d8e914af,1,sha256:e57b7b9b9fc905ac367e9f5003e951cd713a3b04e1c0ab4fe69bb45266d54413,False,docker,/home/raspberrypi-wf/samothrace-pseudonymization/docker/docker-compose.yml,/home/raspberrypi-wf/samothrace-pseudonymization/docker,8ac4027ae9fb3d7caf616facc29a2f912919ff78e18fdce497fb5b780c0ec2b6,ss-node,2.21.0,/system.slice/docker-204bc9c2de1ea01107f5c2af46c9985bf1e271f5cb7835d3a0580e2e410b0216.scope,docker-ss-node,cadvisor:8080,cadvisor,docker-ss-node-1,119545856
1706539625,container_memory_working_set_bytes,56a830a28bcbe6e135519e7976a827201b076c639dd9209d8db5d245d8e914af,1,sha256:e57b7b9b9fc905ac367e9f5003e951cd713a3b04e1c0ab4fe69bb45266d54413,False,docker,/home/raspberrypi-wf/samothrace-pseudonymization/docker/docker-compose.yml,/home/raspberrypi-wf/samothrace-pseudonymization/docker,8ac4027ae9fb3d7caf616facc29a2f912919ff78e18fdce497fb5b780c0ec2b6,ss-node,2.21.0,/system.slice/docker-204bc9c2de1ea01107f5c2af46c9985bf1e271f5cb7835d3a0580e2e410b0216.scope,docker-ss-node,cadvisor:8080,cadvisor,docker-ss-node-1,121528320
1706539626,container_memory_working_set_bytes,56a830a28bcbe6e135519e7976a827201b076c639dd9209d8db5d245d8e914af,1,sha256:e57b7b9b9fc905ac367e9f5003e951cd713a3b04e1c0ab4fe69bb45266d54413,False,docker,/home/raspberrypi-wf/samothrace-pseudonymization/docker/docker-compose.yml,/home/raspberrypi-wf/samothrace-pseudonymization/docker,8ac4027ae9fb3d7caf616facc29a2f912919ff78e18fdce497fb5b780c0ec2b6,ss-node,2.21.0,/system.slice/docker-204bc9c2de1ea01107f5c2af46c9985bf1e271f5cb7835d3a0580e2e410b0216.scope,docker-ss-node,cadvisor:8080,cadvisor,docker-ss-node-1,121528320
1706539627,container_memory_working_set_bytes,56a830a28bcbe6e135519e7976a827201b076c639dd9209d8db5d245d8e914af,1,sha256:e57b7b9b9fc905ac367e9f5003e951cd713a3b04e1c0ab4fe69bb45266d54413,False,docker,/home/raspberrypi-wf/samothrace-pseudonymization/docker/docker-compose.yml,/home/raspberrypi-wf/samothrace-pseudonymization/docker,8ac4027ae9fb3d7caf616facc29a2f912919ff78e18fdce497fb5b780c0ec2b6,ss-node,2.21.0,/system.slice/docker-204bc9c2de1ea01107f5c2af46c9985bf1e271f5cb7835d3a0580e2e410b0216.scope,docker-ss-node,cadvisor:8080,cadvisor,docker-ss-node-1,121528320
1706539628,container_memory_working_set_bytes,56a830a28bcbe6e135519e7976a827201b076c639dd9209d8db5d245d8e914af,1,sha256:e57b7b9b9fc905ac367e9f5003e951cd713a3b04e1c0ab4fe69bb45266d54413,False,docker,/home/raspberrypi-wf/samothrace-pseudonymization/docker/docker-compose.yml,/home/raspberrypi-wf/samothrace-pseudonymization/docker,8ac4027ae9fb3d7caf616facc29a2f912919ff78e18fdce497fb5b780c0ec2b6,ss-node,2.21.0,/system.slice/docker-204bc9c2de1ea01107f5c2af46c9985bf1e271f5cb7835d3a0580e2e410b0216.scope,docker-ss-node,cadvisor:8080,cadvisor,docker-ss-node-1,121528320
1706539629,container_memory_working_set_bytes,56a830a28bcbe6e135519e7976a827201b076c639dd9209d8db5d245d8e914af,1,sha256:e57b7b9b9fc905ac367e9f5003e951cd713a3b04e1c0ab4fe69bb45266d54413,False,docker,/home/raspberrypi-wf/samothrace-pseudonymization/docker/docker-compose.yml,/home/raspberrypi-wf/samothrace-pseudonymization/docker,8ac4027ae9fb3d7caf616facc29a2f912919ff78e18fdce497fb5b780c0ec2b6,ss-node,2.21.0,/system.slice/docker-204bc9c2de1ea01107f5c2af46c9985bf1e271f5cb7835d3a0580e2e410b0216.scope,docker-ss-node,cadvisor:8080,cadvisor,docker-ss-node-1,117649408
1706539630,container_memory_working_set_bytes,56a830a28bcbe6e135519e7976a827201b076c639dd9209d8db5d245d8e914af,1,sha256:e57b7b9b9fc905ac367e9f5003e951cd713a3b04e1c0ab4fe69bb45266d54413,False,docker,/home/raspberrypi-wf/samothrace-pseudonymization/docker/docker-compose.yml,/home/raspberrypi-wf/samothrace-pseudonymization/docker,8ac4027ae9fb3d7caf616facc29a2f912919ff78e18fdce497fb5b780c0ec2b6,ss-node,2.21.0,/system.slice/docker-204bc9c2de1ea01107f5c2af46c9985bf1e271f5cb7835d3a0580e2e410b0216.scope,docker-ss-node,cadvisor:8080,cadvisor,docker-ss-node-1,117649408
1706539631,container_memory_working_set_bytes,56a830a28bcbe6e135519e7976a827201b076c639dd9209d8db5d245d8e914af,1,sha256:e57b7b9b9fc905ac367e9f5003e951cd713a3b04e1c0ab4fe69bb45266d54413,False,docker,/home/raspberrypi-wf/samothrace-pseudonymization/docker/docker-compose.yml,/home/raspberrypi-wf/samothrace-pseudonymization/docker,8ac4027ae9fb3d7caf616facc29a2f912919ff78e18fdce497fb5b780c0ec2b6,ss-node,2.21.0,/system.slice/docker-204bc9c2de1ea01107f5c2af46c9985bf1e271f5cb7835d3a0580e2e410b0216.scope,docker-ss-node,cadvisor:8080,cadvisor,docker-ss-node-1,117649408
1706539632,container_memory_working_set_bytes,56a830a28bcbe6e135519e7976a827201b076c639dd9209d8db5d245d8e914af,1,sha256:e57b7b9b9fc905ac367e9f5003e951cd713a3b04e1c0ab4fe69bb45266d54413,False,docker,/home/raspberrypi-wf/samothrace-pseudonymization/docker/docker-compose.yml,/home/raspberrypi-wf/samothrace-pseudonymization/docker,8ac4027ae9fb3d7caf616facc29a2f912919ff78e18fdce497fb5b780c0ec2b6,ss-node,2.21.0,/system.slice/docker-204bc9c2de1ea01107f5c2af46c9985bf1e271f5cb7835d3a0580e2e410b0216.scope,docker-ss-node,cadvisor:8080,cadvisor,docker-ss-node-1,117649408
1706539633,container_memory_working_set_bytes,56a830a28bcbe6e135519e7976a827201b076c639dd9209d8db5d245d8e914af,1,sha256:e57b7b9b9fc905ac367e9f5003e951cd713a3b04e1c0ab4fe69bb45266d54413,False,docker,/home/raspberrypi-wf/samothrace-pseudonymization/docker/docker-compose.yml,/home/raspberrypi-wf/samothrace-pseudonymization/docker,8ac4027ae9fb3d7caf616facc29a2f912919ff78e18fdce497fb5b780c0ec2b6,ss-node,2.21.0,/system.slice/docker-204bc9c2de1ea01107f5c2af46c9985bf1e271f5cb7835d3a0580e2e410b0216.scope,docker-ss-node,cadvisor:8080,cadvisor,docker-ss-node-1,117649408
1706539634,container_memory_working_set_bytes,56a830a28bcbe6e135519e7976a827201b076c639dd9209d8db5d245d8e914af,1,sha256:e57b7b9b9fc905ac367e9f5003e951cd713a3b04e1c0ab4fe69bb45266d54413,False,docker,/home/raspberrypi-wf/samothrace-pseudonymization/docker/docker-compose.yml,/home/raspberrypi-wf/samothrace-pseudonymization/docker,8ac4027ae9fb3d7caf616facc29a2f912919ff78e18fdce497fb5b780c0ec2b6,ss-node,2.21.0,/system.slice/docker-204bc9c2de1ea01107f5c2af46c9985bf1e271f5cb7835d3a0580e2e410b0216.scope,docker-ss-node,cadvisor:8080,cadvisor,docker-ss-node-1,117649408
1706539635,container_memory_working_set_bytes,56a830a28bcbe6e135519e7976a827201b076c639dd9209d8db5d245d8e914af,1,sha256:e57b7b9b9fc905ac367e9f5003e951cd713a3b04e1c0ab4fe69bb45266d54413,False,docker,/home/raspberrypi-wf/samothrace-pseudonymization/docker/docker-compose.yml,/home/raspberrypi-wf/samothrace-pseudonymization/docker,8ac4027ae9fb3d7caf616facc29a2f912919ff78e18fdce497fb5b780c0ec2b6,ss-node,2.21.0,/system.slice/docker-204bc9c2de1ea01107f5c2af46c9985bf1e271f5cb7835d3a0580e2e410b0216.scope,docker-ss-node,cadvisor:8080,cadvisor,docker-ss-node-1,117354496
